country_region_code,country_region,sub_region_1,sub_region_2,metro_area,iso_3166_2_code,census_fips_code,place_id,date,retail_and_recreation_percent_change_from_baseline,grocery_and_pharmacy_percent_change_from_baseline,parks_percent_change_from_baseline,transit_stations_percent_change_from_baseline,workplaces_percent_change_from_baseline,residential_percent_change_from_baseline
RS,Serbia,,,,,,ChIJlYCJ8t8dV0cRXYYjN-pQXgU,2021-01-01,-65,-72,13,-63,-81,20
RS,Serbia,,,,,,ChIJlYCJ8t8dV0cRXYYjN-pQXgU,2021-01-02,-36,-21,22,-36,-43,6
RS,Serbia,,,,,,ChIJlYCJ8t8dV0cRXYYjN-pQXgU,2021-01-03,-30,-9,13,-29,-16,3
RS,Serbia,,,,,,ChIJlYCJ8t8dV0cRXYYjN-pQXgU,2021-01-04,-14,9,-14,-29,-35,8
RS,Serbia,,,,,,ChIJlYCJ8t8dV0cRXYYjN-pQXgU,2021-01-05,-4,39,21,-22,-37,6
RS,Serbia,,,,,,ChIJlYCJ8t8dV0cRXYYjN-pQXgU,2021-01-06,-30,21,1,-33,-49,9
RS,Serbia,,,,,,ChIJlYCJ8t8dV0cRXYYjN-pQXgU,2021-01-07,-69,-72,-1,-61,-80,18
RS,Serbia,,,,,,ChIJlYCJ8t8dV0cRXYYjN-pQXgU,2021-01-08,-37,-11,-30,-45,-49,12
RS,Serbia,,,,,,ChIJlYCJ8t8dV0cRXYYjN-pQXgU,2021-01-09,-34,-10,-15,-30,-25,4
RS,Serbia,,,,,,ChIJlYCJ8t8dV0cRXYYjN-pQXgU,2021-01-10,-39,-15,-19,-32,-16,3
RS,Serbia,,,,,,ChIJlYCJ8t8dV0cRXYYjN-pQXgU,2021-01-11,-20,0,-14,-23,-23,6
RS,Serbia,,,,,,ChIJlYCJ8t8dV0cRXYYjN-pQXgU,2021-01-12,-19,6,-10,-28,-26,5
RS,Serbia,,,,,,ChIJlYCJ8t8dV0cRXYYjN-pQXgU,2021-01-13,-23,4,-10,-28,-29,4
RS,Serbia,,,,,,ChIJlYCJ8t8dV0cRXYYjN-pQXgU,2021-01-14,-30,-9,-21,-33,-33,5
RS,Serbia,,,,,,ChIJlYCJ8t8dV0cRXYYjN-pQXgU,2021-01-15,-31,-5,-26,-35,-32,6
RS,Serbia,,,,,,ChIJlYCJ8t8dV0cRXYYjN-pQXgU,2021-01-16,-34,-12,-28,-31,-20,3
RS,Serbia,,,,,,ChIJlYCJ8t8dV0cRXYYjN-pQXgU,2021-01-17,-40,-17,-19,-36,-20,4
RS,Serbia,,,,,,ChIJlYCJ8t8dV0cRXYYjN-pQXgU,2021-01-18,-24,-3,-29,-25,-19,5
RS,Serbia,,,,,,ChIJlYCJ8t8dV0cRXYYjN-pQXgU,2021-01-19,-21,5,-13,-25,-22,4
RS,Serbia,,,,,,ChIJlYCJ8t8dV0cRXYYjN-pQXgU,2021-01-20,-28,-1,-14,-28,-30,4
RS,Serbia,,,,,,ChIJlYCJ8t8dV0cRXYYjN-pQXgU,2021-01-21,-22,-2,-3,-20,-24,3
RS,Serbia,,,,,,ChIJlYCJ8t8dV0cRXYYjN-pQXgU,2021-01-22,-26,-2,-13,-23,-23,4
RS,Serbia,,,,,,ChIJlYCJ8t8dV0cRXYYjN-pQXgU,2021-01-23,-28,-8,-12,-23,-16,2
RS,Serbia,,,,,,ChIJlYCJ8t8dV0cRXYYjN-pQXgU,2021-01-24,-26,-7,7,-24,-13,1
RS,Serbia,,,,,,ChIJlYCJ8t8dV0cRXYYjN-pQXgU,2021-01-25,-19,-1,-20,-19,-15,3
RS,Serbia,,,,,,ChIJlYCJ8t8dV0cRXYYjN-pQXgU,2021-01-26,-23,-2,-22,-25,-20,3
RS,Serbia,,,,,,ChIJlYCJ8t8dV0cRXYYjN-pQXgU,2021-01-27,-26,-5,-20,-29,-28,5
RS,Serbia,,,,,,ChIJlYCJ8t8dV0cRXYYjN-pQXgU,2021-01-28,-24,-3,-12,-22,-22,4
RS,Serbia,,,,,,ChIJlYCJ8t8dV0cRXYYjN-pQXgU,2021-01-29,-26,-1,-20,-22,-22,3
RS,Serbia,,,,,,ChIJlYCJ8t8dV0cRXYYjN-pQXgU,2021-01-30,-20,-2,14,-15,-14,0
RS,Serbia,,,,,,ChIJlYCJ8t8dV0cRXYYjN-pQXgU,2021-01-31,-37,-15,-33,-34,-16,2
RS,Serbia,,,,,,ChIJlYCJ8t8dV0cRXYYjN-pQXgU,2021-02-01,-18,2,-25,-19,-14,2
RS,Serbia,,,,,,ChIJlYCJ8t8dV0cRXYYjN-pQXgU,2021-02-02,-17,8,-14,-19,-18,2
RS,Serbia,,,,,,ChIJlYCJ8t8dV0cRXYYjN-pQXgU,2021-02-03,-16,6,9,-17,-20,1
RS,Serbia,,,,,,ChIJlYCJ8t8dV0cRXYYjN-pQXgU,2021-02-04,-18,2,4,-17,-21,1
RS,Serbia,,,,,,ChIJlYCJ8t8dV0cRXYYjN-pQXgU,2021-02-05,-18,7,7,-15,-20,1
RS,Serbia,,,,,,ChIJlYCJ8t8dV0cRXYYjN-pQXgU,2021-02-06,-17,-1,27,-11,-14,-2
RS,Serbia,,,,,,ChIJlYCJ8t8dV0cRXYYjN-pQXgU,2021-02-07,-22,-2,12,-20,-13,-1
RS,Serbia,,,,,,ChIJlYCJ8t8dV0cRXYYjN-pQXgU,2021-02-08,-19,-2,-24,-19,-15,2
RS,Serbia,,,,,,ChIJlYCJ8t8dV0cRXYYjN-pQXgU,2021-02-09,-14,9,-11,-16,-18,2
RS,Serbia,,,,,,ChIJlYCJ8t8dV0cRXYYjN-pQXgU,2021-02-10,-16,11,-5,-16,-20,1
RS,Serbia,,,,,,ChIJlYCJ8t8dV0cRXYYjN-pQXgU,2021-02-11,-25,-3,-30,-24,-22,3
RS,Serbia,,,,,,ChIJlYCJ8t8dV0cRXYYjN-pQXgU,2021-02-12,-25,4,-30,-24,-22,2
RS,Serbia,,,,,,ChIJlYCJ8t8dV0cRXYYjN-pQXgU,2021-02-13,-27,-4,-28,-26,-18,0
RS,Serbia,,,,,,ChIJlYCJ8t8dV0cRXYYjN-pQXgU,2021-02-14,-22,-3,-13,-29,-15,1
RS,Serbia,,,,,,ChIJlYCJ8t8dV0cRXYYjN-pQXgU,2021-02-15,-21,-10,-8,-37,-58,9
RS,Serbia,,,,,,ChIJlYCJ8t8dV0cRXYYjN-pQXgU,2021-02-16,-21,-2,-9,-34,-56,8
RS,Serbia,,,,,,ChIJlYCJ8t8dV0cRXYYjN-pQXgU,2021-02-17,-20,7,-17,-17,-20,1
RS,Serbia,,,,,,ChIJlYCJ8t8dV0cRXYYjN-pQXgU,2021-02-18,-17,8,-3,-13,-21,1
RS,Serbia,,,,,,ChIJlYCJ8t8dV0cRXYYjN-pQXgU,2021-02-19,-20,9,-8,-16,-20,1
RS,Serbia,,,,,,ChIJlYCJ8t8dV0cRXYYjN-pQXgU,2021-02-20,-26,-2,-19,-20,-14,0
RS,Serbia,,,,,,ChIJlYCJ8t8dV0cRXYYjN-pQXgU,2021-02-21,-16,1,33,-13,-10,-2
RS,Serbia,,,,,,ChIJlYCJ8t8dV0cRXYYjN-pQXgU,2021-02-22,-7,11,15,-7,-12,-1
RS,Serbia,,,,,,ChIJlYCJ8t8dV0cRXYYjN-pQXgU,2021-02-23,-6,15,22,-9,-16,-1
RS,Serbia,,,,,,ChIJlYCJ8t8dV0cRXYYjN-pQXgU,2021-02-24,-14,11,16,-11,-19,0
RS,Serbia,,,,,,ChIJlYCJ8t8dV0cRXYYjN-pQXgU,2021-02-25,-12,10,23,-7,-19,-1
RS,Serbia,,,,,,ChIJlYCJ8t8dV0cRXYYjN-pQXgU,2021-02-26,-14,13,18,-10,-19,-1
RS,Serbia,,,,,,ChIJlYCJ8t8dV0cRXYYjN-pQXgU,2021-02-27,-34,1,1,-17,-17,-1
RS,Serbia,,,,,,ChIJlYCJ8t8dV0cRXYYjN-pQXgU,2021-02-28,-30,5,31,-14,-13,-2
RS,Serbia,,,,,,ChIJlYCJ8t8dV0cRXYYjN-pQXgU,2021-03-01,-9,11,-6,-8,-12,-1
RS,Serbia,,,,,,ChIJlYCJ8t8dV0cRXYYjN-pQXgU,2021-03-02,-9,18,7,-11,-16,0
RS,Serbia,,,,,,ChIJlYCJ8t8dV0cRXYYjN-pQXgU,2021-03-03,-11,17,18,-10,-19,-1
RS,Serbia,,,,,,ChIJlYCJ8t8dV0cRXYYjN-pQXgU,2021-03-04,-11,15,20,-7,-20,-1
RS,Serbia,,,,,,ChIJlYCJ8t8dV0cRXYYjN-pQXgU,2021-03-05,-16,21,-4,-12,-20,0
RS,Serbia,,,,,,ChIJlYCJ8t8dV0cRXYYjN-pQXgU,2021-03-06,-44,5,-7,-19,-26,0
RS,Serbia,,,,,,ChIJlYCJ8t8dV0cRXYYjN-pQXgU,2021-03-07,-52,1,20,-22,-26,0
RS,Serbia,,,,,,ChIJlYCJ8t8dV0cRXYYjN-pQXgU,2021-03-08,6,35,2,-5,-15,-1
RS,Serbia,,,,,,ChIJlYCJ8t8dV0cRXYYjN-pQXgU,2021-03-09,-12,15,-12,-17,-20,1
RS,Serbia,,,,,,ChIJlYCJ8t8dV0cRXYYjN-pQXgU,2021-03-10,-18,14,-18,-21,-23,2
RS,Serbia,,,,,,ChIJlYCJ8t8dV0cRXYYjN-pQXgU,2021-03-11,-15,14,-4,-15,-23,2
RS,Serbia,,,,,,ChIJlYCJ8t8dV0cRXYYjN-pQXgU,2021-03-12,-19,15,-21,-19,-23,2
RS,Serbia,,,,,,ChIJlYCJ8t8dV0cRXYYjN-pQXgU,2021-03-13,-54,-2,6,-25,-31,3
RS,Serbia,,,,,,ChIJlYCJ8t8dV0cRXYYjN-pQXgU,2021-03-14,-55,-4,12,-23,-27,1
RS,Serbia,,,,,,ChIJlYCJ8t8dV0cRXYYjN-pQXgU,2021-03-15,-20,3,-39,-25,-19,3
RS,Serbia,,,,,,ChIJlYCJ8t8dV0cRXYYjN-pQXgU,2021-03-16,-4,27,-18,-16,-21,2
RS,Serbia,,,,,,ChIJlYCJ8t8dV0cRXYYjN-pQXgU,2021-03-17,-52,2,-27,-30,-31,6
RS,Serbia,,,,,,ChIJlYCJ8t8dV0cRXYYjN-pQXgU,2021-03-18,-51,2,-28,-29,-32,7
RS,Serbia,,,,,,ChIJlYCJ8t8dV0cRXYYjN-pQXgU,2021-03-19,-51,7,-23,-28,-31,7
RS,Serbia,,,,,,ChIJlYCJ8t8dV0cRXYYjN-pQXgU,2021-03-20,-54,1,-11,-25,-27,3
RS,Serbia,,,,,,ChIJlYCJ8t8dV0cRXYYjN-pQXgU,2021-03-21,-61,-7,-31,-34,-28,4
RS,Serbia,,,,,,ChIJlYCJ8t8dV0cRXYYjN-pQXgU,2021-03-22,-35,7,-36,-24,-22,4
RS,Serbia,,,,,,ChIJlYCJ8t8dV0cRXYYjN-pQXgU,2021-03-23,-30,17,-9,-20,-24,3
RS,Serbia,,,,,,ChIJlYCJ8t8dV0cRXYYjN-pQXgU,2021-03-24,-35,11,-15,-22,-27,4
RS,Serbia,,,,,,ChIJlYCJ8t8dV0cRXYYjN-pQXgU,2021-03-25,-31,15,5,-16,-27,3
RS,Serbia,,,,,,ChIJlYCJ8t8dV0cRXYYjN-pQXgU,2021-03-26,-32,15,9,-16,-27,3
RS,Serbia,,,,,,ChIJlYCJ8t8dV0cRXYYjN-pQXgU,2021-03-27,-33,6,41,-8,-19,-2
RS,Serbia,,,,,,ChIJlYCJ8t8dV0cRXYYjN-pQXgU,2021-03-28,-41,3,22,-17,-20,-1
RS,Serbia,,,,,,ChIJlYCJ8t8dV0cRXYYjN-pQXgU,2021-03-29,-21,15,19,-10,-19,1
RS,Serbia,,,,,,ChIJlYCJ8t8dV0cRXYYjN-pQXgU,2021-03-30,-24,19,19,-12,-23,1
RS,Serbia,,,,,,ChIJlYCJ8t8dV0cRXYYjN-pQXgU,2021-03-31,-22,21,45,-9,-25,0
RS,Serbia,,,,,,ChIJlYCJ8t8dV0cRXYYjN-pQXgU,2021-04-01,-20,20,51,-5,-25,0
RS,Serbia,,,,,,ChIJlYCJ8t8dV0cRXYYjN-pQXgU,2021-04-02,-29,20,8,-14,-28,2
RS,Serbia,,,,,,ChIJlYCJ8t8dV0cRXYYjN-pQXgU,2021-04-03,-41,5,-26,-23,-22,2
RS,Serbia,,,,,,ChIJlYCJ8t8dV0cRXYYjN-pQXgU,2021-04-04,-45,2,-14,-22,-20,1
RS,Serbia,,,,,,ChIJlYCJ8t8dV0cRXYYjN-pQXgU,2021-04-05,-8,19,16,-5,-20,0
RS,Serbia,,,,,,ChIJlYCJ8t8dV0cRXYYjN-pQXgU,2021-04-06,-23,16,-14,-17,-21,2
RS,Serbia,,,,,,ChIJlYCJ8t8dV0cRXYYjN-pQXgU,2021-04-07,-28,16,-15,-19,-26,3
RS,Serbia,,,,,,ChIJlYCJ8t8dV0cRXYYjN-pQXgU,2021-04-08,-22,16,0,-10,-24,2
RS,Serbia,,,,,,ChIJlYCJ8t8dV0cRXYYjN-pQXgU,2021-04-09,-16,23,19,-8,-22,0
RS,Serbia,,,,,,ChIJlYCJ8t8dV0cRXYYjN-pQXgU,2021-04-10,-15,16,47,3,-10,-5
RS,Serbia,,,,,,ChIJlYCJ8t8dV0cRXYYjN-pQXgU,2021-04-11,-16,14,54,-2,-12,-5
RS,Serbia,,,,,,ChIJlYCJ8t8dV0cRXYYjN-pQXgU,2021-04-12,2,23,33,2,-14,-2
RS,Serbia,,,,,,ChIJlYCJ8t8dV0cRXYYjN-pQXgU,2021-04-13,-18,18,-20,-13,-20,2
RS,Serbia,,,,,,ChIJlYCJ8t8dV0cRXYYjN-pQXgU,2021-04-14,-23,16,-19,-17,-24,3
RS,Serbia,,,,,,ChIJlYCJ8t8dV0cRXYYjN-pQXgU,2021-04-15,-17,19,-5,-9,-23,2
RS,Serbia,,,,,,ChIJlYCJ8t8dV0cRXYYjN-pQXgU,2021-04-16,-17,21,2,-9,-22,1
RS,Serbia,,,,,,ChIJlYCJ8t8dV0cRXYYjN-pQXgU,2021-04-17,-25,9,-17,-11,-14,-1
RS,Serbia,,,,,,ChIJlYCJ8t8dV0cRXYYjN-pQXgU,2021-04-18,-30,8,-17,-18,-15,1
RS,Serbia,,,,,,ChIJlYCJ8t8dV0cRXYYjN-pQXgU,2021-04-19,-9,20,-8,-1,-9,0
RS,Serbia,,,,,,ChIJlYCJ8t8dV0cRXYYjN-pQXgU,2021-04-20,-5,31,8,1,-12,-1
RS,Serbia,,,,,,ChIJlYCJ8t8dV0cRXYYjN-pQXgU,2021-04-21,-4,30,29,2,-16,-2
RS,Serbia,,,,,,ChIJlYCJ8t8dV0cRXYYjN-pQXgU,2021-04-22,-2,24,40,6,-16,-3
RS,Serbia,,,,,,ChIJlYCJ8t8dV0cRXYYjN-pQXgU,2021-04-23,-9,24,18,0,-16,-2
RS,Serbia,,,,,,ChIJlYCJ8t8dV0cRXYYjN-pQXgU,2021-04-24,-6,18,48,9,-9,-6
RS,Serbia,,,,,,ChIJlYCJ8t8dV0cRXYYjN-pQXgU,2021-04-25,1,23,79,9,-7,-6
RS,Serbia,,,,,,ChIJlYCJ8t8dV0cRXYYjN-pQXgU,2021-04-26,-1,23,12,5,-8,-3
RS,Serbia,,,,,,ChIJlYCJ8t8dV0cRXYYjN-pQXgU,2021-04-27,-6,28,-1,0,-13,-1
RS,Serbia,,,,,,ChIJlYCJ8t8dV0cRXYYjN-pQXgU,2021-04-28,-5,37,6,2,-16,-2
RS,Serbia,,,,,,ChIJlYCJ8t8dV0cRXYYjN-pQXgU,2021-04-29,11,53,48,21,-16,-6
RS,Serbia,,,,,,ChIJlYCJ8t8dV0cRXYYjN-pQXgU,2021-04-30,-17,33,46,-21,-64,6
RS,Serbia,,,,,,ChIJlYCJ8t8dV0cRXYYjN-pQXgU,2021-05-01,-31,-2,55,-19,-47,-5
RS,Serbia,,,,,,ChIJlYCJ8t8dV0cRXYYjN-pQXgU,2021-05-02,-48,-55,52,-29,-32,-5
RS,Serbia,,,,,,ChIJlYCJ8t8dV0cRXYYjN-pQXgU,2021-05-03,-11,2,55,-25,-66,3
RS,Serbia,,,,,,ChIJlYCJ8t8dV0cRXYYjN-pQXgU,2021-05-04,7,25,76,-11,-54,0
RS,Serbia,,,,,,ChIJlYCJ8t8dV0cRXYYjN-pQXgU,2021-05-05,1,31,47,1,-23,-4
RS,Serbia,,,,,,ChIJlYCJ8t8dV0cRXYYjN-pQXgU,2021-05-06,-2,28,46,1,-28,-3
RS,Serbia,,,,,,ChIJlYCJ8t8dV0cRXYYjN-pQXgU,2021-05-07,-10,19,17,-5,-23,-2
RS,Serbia,,,,,,ChIJlYCJ8t8dV0cRXYYjN-pQXgU,2021-05-08,-6,17,38,5,-9,-6
RS,Serbia,,,,,,ChIJlYCJ8t8dV0cRXYYjN-pQXgU,2021-05-09,2,19,72,11,-5,-8
RS,Serbia,,,,,,ChIJlYCJ8t8dV0cRXYYjN-pQXgU,2021-05-10,14,32,39,16,-7,-5
RS,Serbia,,,,,,ChIJlYCJ8t8dV0cRXYYjN-pQXgU,2021-05-11,15,40,52,13,-10,-5
RS,Serbia,,,,,,ChIJlYCJ8t8dV0cRXYYjN-pQXgU,2021-05-12,2,35,14,5,-15,-3
RS,Serbia,,,,,,ChIJlYCJ8t8dV0cRXYYjN-pQXgU,2021-05-13,2,30,17,7,-16,-2
RS,Serbia,,,,,,ChIJlYCJ8t8dV0cRXYYjN-pQXgU,2021-05-14,3,34,26,9,-15,-4
RS,Serbia,,,,,,ChIJlYCJ8t8dV0cRXYYjN-pQXgU,2021-05-15,2,22,44,13,-9,-7
RS,Serbia,,,,,,ChIJlYCJ8t8dV0cRXYYjN-pQXgU,2021-05-16,0,22,43,6,-4,-5
RS,Serbia,,,,,,ChIJlYCJ8t8dV0cRXYYjN-pQXgU,2021-05-17,1,23,-10,6,-7,-2
RS,Serbia,,,,,,ChIJlYCJ8t8dV0cRXYYjN-pQXgU,2021-05-18,15,41,43,14,-9,-5
RS,Serbia,,,,,,ChIJlYCJ8t8dV0cRXYYjN-pQXgU,2021-05-19,-2,28,10,1,-13,-2
RS,Serbia,,,,,,ChIJlYCJ8t8dV0cRXYYjN-pQXgU,2021-05-20,-7,22,-9,-7,-15,0
RS,Serbia,,,,,,ChIJlYCJ8t8dV0cRXYYjN-pQXgU,2021-05-21,6,38,39,9,-12,-4
RS,Serbia,,,,,,ChIJlYCJ8t8dV0cRXYYjN-pQXgU,2021-05-22,0,21,55,13,-7,-8
RS,Serbia,,,,,,ChIJlYCJ8t8dV0cRXYYjN-pQXgU,2021-05-23,5,21,75,10,-3,-8
RS,Serbia,,,,,,ChIJlYCJ8t8dV0cRXYYjN-pQXgU,2021-05-24,13,34,31,14,-5,-4
RS,Serbia,,,,,,ChIJlYCJ8t8dV0cRXYYjN-pQXgU,2021-05-25,11,34,41,11,-8,-4
RS,Serbia,,,,,,ChIJlYCJ8t8dV0cRXYYjN-pQXgU,2021-05-26,9,36,57,10,-12,-5
RS,Serbia,,,,,,ChIJlYCJ8t8dV0cRXYYjN-pQXgU,2021-05-27,7,30,45,12,-12,-4
RS,Serbia,,,,,,ChIJlYCJ8t8dV0cRXYYjN-pQXgU,2021-05-28,2,31,26,8,-11,-4
RS,Serbia,,,,,,ChIJlYCJ8t8dV0cRXYYjN-pQXgU,2021-05-29,2,20,54,13,-6,-7
RS,Serbia,,,,,,ChIJlYCJ8t8dV0cRXYYjN-pQXgU,2021-05-30,0,21,46,7,-2,-6
RS,Serbia,,,,,,ChIJlYCJ8t8dV0cRXYYjN-pQXgU,2021-05-31,5,26,0,7,-3,-3
RS,Serbia,,,,,,ChIJlYCJ8t8dV0cRXYYjN-pQXgU,2021-06-01,13,40,24,11,-6,-3
RS,Serbia,,,,,,ChIJlYCJ8t8dV0cRXYYjN-pQXgU,2021-06-02,12,39,54,12,-10,-5
RS,Serbia,,,,,,ChIJlYCJ8t8dV0cRXYYjN-pQXgU,2021-06-03,15,36,60,15,-11,-5
RS,Serbia,,,,,,ChIJlYCJ8t8dV0cRXYYjN-pQXgU,2021-06-04,8,34,47,11,-10,-5
RS,Serbia,,,,,,ChIJlYCJ8t8dV0cRXYYjN-pQXgU,2021-06-05,7,21,69,16,-6,-9
RS,Serbia,,,,,,ChIJlYCJ8t8dV0cRXYYjN-pQXgU,2021-06-06,-1,22,41,5,-4,-6
RS,Serbia,,,,,,ChIJlYCJ8t8dV0cRXYYjN-pQXgU,2021-06-07,16,34,34,15,-2,-5
RS,Serbia,,,,,,ChIJlYCJ8t8dV0cRXYYjN-pQXgU,2021-06-08,19,43,54,13,-5,-5
RS,Serbia,,,,,,ChIJlYCJ8t8dV0cRXYYjN-pQXgU,2021-06-09,13,39,57,12,-11,-5
RS,Serbia,,,,,,ChIJlYCJ8t8dV0cRXYYjN-pQXgU,2021-06-10,15,41,52,15,-12,-5
RS,Serbia,,,,,,ChIJlYCJ8t8dV0cRXYYjN-pQXgU,2021-06-11,4,31,29,8,-11,-5
RS,Serbia,,,,,,ChIJlYCJ8t8dV0cRXYYjN-pQXgU,2021-06-12,5,20,54,14,-7,-8
RS,Serbia,,,,,,ChIJlYCJ8t8dV0cRXYYjN-pQXgU,2021-06-13,-1,20,37,2,-6,-6
RS,Serbia,,,,,,ChIJlYCJ8t8dV0cRXYYjN-pQXgU,2021-06-14,9,29,13,10,-5,-4
RS,Serbia,,,,,,ChIJlYCJ8t8dV0cRXYYjN-pQXgU,2021-06-15,17,43,45,13,-7,-5
RS,Serbia,,,,,,ChIJlYCJ8t8dV0cRXYYjN-pQXgU,2021-06-16,13,38,60,10,-13,-6
RS,Serbia,,,,,,ChIJlYCJ8t8dV0cRXYYjN-pQXgU,2021-06-17,11,31,55,10,-16,-6
RS,Serbia,,,,,,ChIJlYCJ8t8dV0cRXYYjN-pQXgU,2021-06-18,6,29,42,6,-16,-6
RS,Serbia,,,,,,ChIJlYCJ8t8dV0cRXYYjN-pQXgU,2021-06-19,0,16,49,9,-13,-9
RS,Serbia,,,,,,ChIJlYCJ8t8dV0cRXYYjN-pQXgU,2021-06-20,6,19,70,8,-8,-10
RS,Serbia,,,,,,ChIJlYCJ8t8dV0cRXYYjN-pQXgU,2021-06-21,15,32,40,9,-12,-6
RS,Serbia,,,,,,ChIJlYCJ8t8dV0cRXYYjN-pQXgU,2021-06-22,15,35,54,7,-15,-6
RS,Serbia,,,,,,ChIJlYCJ8t8dV0cRXYYjN-pQXgU,2021-06-23,5,26,52,1,-22,-5
RS,Serbia,,,,,,ChIJlYCJ8t8dV0cRXYYjN-pQXgU,2021-06-24,2,21,42,0,-24,-4
RS,Serbia,,,,,,ChIJlYCJ8t8dV0cRXYYjN-pQXgU,2021-06-25,-1,21,30,-2,-23,-4
RS,Serbia,,,,,,ChIJlYCJ8t8dV0cRXYYjN-pQXgU,2021-06-26,1,15,55,11,-11,-9
RS,Serbia,,,,,,ChIJlYCJ8t8dV0cRXYYjN-pQXgU,2021-06-27,5,17,69,11,-3,-10
RS,Serbia,,,,,,ChIJlYCJ8t8dV0cRXYYjN-pQXgU,2021-06-28,19,31,47,13,-15,-7
RS,Serbia,,,,,,ChIJlYCJ8t8dV0cRXYYjN-pQXgU,2021-06-29,9,26,48,5,-20,-7
RS,Serbia,,,,,,ChIJlYCJ8t8dV0cRXYYjN-pQXgU,2021-06-30,5,26,54,3,-23,-7
RS,Serbia,,,,,,ChIJlYCJ8t8dV0cRXYYjN-pQXgU,2021-07-01,7,28,41,7,-22,-5
RS,Serbia,,,,,,ChIJlYCJ8t8dV0cRXYYjN-pQXgU,2021-07-02,8,33,42,7,-21,-6
RS,Serbia,,,,,,ChIJlYCJ8t8dV0cRXYYjN-pQXgU,2021-07-03,6,20,55,15,-9,-9
RS,Serbia,,,,,,ChIJlYCJ8t8dV0cRXYYjN-pQXgU,2021-07-04,8,23,75,16,-4,-10
RS,Serbia,,,,,,ChIJlYCJ8t8dV0cRXYYjN-pQXgU,2021-07-05,19,34,44,16,-14,-6
RS,Serbia,,,,,,ChIJlYCJ8t8dV0cRXYYjN-pQXgU,2021-07-06,20,40,60,13,-18,-7
RS,Serbia,,,,,,ChIJlYCJ8t8dV0cRXYYjN-pQXgU,2021-07-07,13,36,70,9,-23,-6
RS,Serbia,,,,,,ChIJlYCJ8t8dV0cRXYYjN-pQXgU,2021-07-08,7,24,67,7,-24,-6
RS,Serbia,,,,,,ChIJlYCJ8t8dV0cRXYYjN-pQXgU,2021-07-09,1,26,40,2,-23,-5
RS,Serbia,,,,,,ChIJlYCJ8t8dV0cRXYYjN-pQXgU,2021-07-10,4,22,61,14,-11,-9
RS,Serbia,,,Belgrade Metropolitan Area,,,ChIJKzQllNFxWkcRN1Nrjt6HVjo,2021-01-01,-68,-79,18,-67,-85,24
RS,Serbia,,,Belgrade Metropolitan Area,,,ChIJKzQllNFxWkcRN1Nrjt6HVjo,2021-01-02,-40,-29,19,-39,-41,8
RS,Serbia,,,Belgrade Metropolitan Area,,,ChIJKzQllNFxWkcRN1Nrjt6HVjo,2021-01-03,-34,-20,-2,-33,-13,5
RS,Serbia,,,Belgrade Metropolitan Area,,,ChIJKzQllNFxWkcRN1Nrjt6HVjo,2021-01-04,-22,-6,-22,-32,-41,12
RS,Serbia,,,Belgrade Metropolitan Area,,,ChIJKzQllNFxWkcRN1Nrjt6HVjo,2021-01-05,-15,19,-3,-31,-44,10
RS,Serbia,,,Belgrade Metropolitan Area,,,ChIJKzQllNFxWkcRN1Nrjt6HVjo,2021-01-06,-43,4,-46,-43,-53,15
RS,Serbia,,,Belgrade Metropolitan Area,,,ChIJKzQllNFxWkcRN1Nrjt6HVjo,2021-01-07,-80,-83,-19,-69,-85,23
RS,Serbia,,,Belgrade Metropolitan Area,,,ChIJKzQllNFxWkcRN1Nrjt6HVjo,2021-01-08,-47,-25,-59,-52,-54,17
RS,Serbia,,,Belgrade Metropolitan Area,,,ChIJKzQllNFxWkcRN1Nrjt6HVjo,2021-01-09,-40,-17,-37,-33,-23,6
RS,Serbia,,,Belgrade Metropolitan Area,,,ChIJKzQllNFxWkcRN1Nrjt6HVjo,2021-01-10,-40,-21,-27,-32,-13,4
RS,Serbia,,,Belgrade Metropolitan Area,,,ChIJKzQllNFxWkcRN1Nrjt6HVjo,2021-01-11,-24,-9,-13,-22,-28,10
RS,Serbia,,,Belgrade Metropolitan Area,,,ChIJKzQllNFxWkcRN1Nrjt6HVjo,2021-01-12,-22,-3,-19,-29,-34,10
RS,Serbia,,,Belgrade Metropolitan Area,,,ChIJKzQllNFxWkcRN1Nrjt6HVjo,2021-01-13,-26,-4,-22,-30,-34,9
RS,Serbia,,,Belgrade Metropolitan Area,,,ChIJKzQllNFxWkcRN1Nrjt6HVjo,2021-01-14,-35,-17,-39,-34,-37,9
RS,Serbia,,,Belgrade Metropolitan Area,,,ChIJKzQllNFxWkcRN1Nrjt6HVjo,2021-01-15,-34,-12,-42,-35,-36,10
RS,Serbia,,,Belgrade Metropolitan Area,,,ChIJKzQllNFxWkcRN1Nrjt6HVjo,2021-01-16,-35,-15,-40,-29,-20,5
RS,Serbia,,,Belgrade Metropolitan Area,,,ChIJKzQllNFxWkcRN1Nrjt6HVjo,2021-01-17,-39,-20,-17,-34,-20,5
RS,Serbia,,,Belgrade Metropolitan Area,,,ChIJKzQllNFxWkcRN1Nrjt6HVjo,2021-01-18,-27,-10,-28,-24,-26,9
RS,Serbia,,,Belgrade Metropolitan Area,,,ChIJKzQllNFxWkcRN1Nrjt6HVjo,2021-01-19,-23,-3,-18,-25,-31,8
RS,Serbia,,,Belgrade Metropolitan Area,,,ChIJKzQllNFxWkcRN1Nrjt6HVjo,2021-01-20,-30,-7,-27,-30,-35,9
RS,Serbia,,,Belgrade Metropolitan Area,,,ChIJKzQllNFxWkcRN1Nrjt6HVjo,2021-01-21,-25,-9,-5,-20,-30,7
RS,Serbia,,,Belgrade Metropolitan Area,,,ChIJKzQllNFxWkcRN1Nrjt6HVjo,2021-01-22,-28,-9,-20,-23,-28,8
RS,Serbia,,,Belgrade Metropolitan Area,,,ChIJKzQllNFxWkcRN1Nrjt6HVjo,2021-01-23,-29,-10,-20,-19,-15,4
RS,Serbia,,,Belgrade Metropolitan Area,,,ChIJKzQllNFxWkcRN1Nrjt6HVjo,2021-01-24,-20,-8,28,-18,-12,2
RS,Serbia,,,Belgrade Metropolitan Area,,,ChIJKzQllNFxWkcRN1Nrjt6HVjo,2021-01-25,-21,-7,-18,-17,-22,7
RS,Serbia,,,Belgrade Metropolitan Area,,,ChIJKzQllNFxWkcRN1Nrjt6HVjo,2021-01-26,-24,-8,-30,-25,-28,8
RS,Serbia,,,Belgrade Metropolitan Area,,,ChIJKzQllNFxWkcRN1Nrjt6HVjo,2021-01-27,-27,-11,-23,-28,-32,10
RS,Serbia,,,Belgrade Metropolitan Area,,,ChIJKzQllNFxWkcRN1Nrjt6HVjo,2021-01-28,-28,-9,-16,-21,-28,8
RS,Serbia,,,Belgrade Metropolitan Area,,,ChIJKzQllNFxWkcRN1Nrjt6HVjo,2021-01-29,-28,-7,-26,-21,-26,8
RS,Serbia,,,Belgrade Metropolitan Area,,,ChIJKzQllNFxWkcRN1Nrjt6HVjo,2021-01-30,-17,-4,38,-7,-12,2
RS,Serbia,,,Belgrade Metropolitan Area,,,ChIJKzQllNFxWkcRN1Nrjt6HVjo,2021-01-31,-37,-17,-54,-32,-15,5
RS,Serbia,,,Belgrade Metropolitan Area,,,ChIJKzQllNFxWkcRN1Nrjt6HVjo,2021-02-01,-20,-5,-28,-17,-21,7
RS,Serbia,,,Belgrade Metropolitan Area,,,ChIJKzQllNFxWkcRN1Nrjt6HVjo,2021-02-02,-18,0,-22,-19,-27,7
RS,Serbia,,,Belgrade Metropolitan Area,,,ChIJKzQllNFxWkcRN1Nrjt6HVjo,2021-02-03,-16,0,16,-16,-26,7
RS,Serbia,,,Belgrade Metropolitan Area,,,ChIJKzQllNFxWkcRN1Nrjt6HVjo,2021-02-04,-22,-5,-1,-17,-27,6
RS,Serbia,,,Belgrade Metropolitan Area,,,ChIJKzQllNFxWkcRN1Nrjt6HVjo,2021-02-05,-20,-1,5,-13,-25,6
RS,Serbia,,,Belgrade Metropolitan Area,,,ChIJKzQllNFxWkcRN1Nrjt6HVjo,2021-02-06,-16,-4,30,-6,-13,1
RS,Serbia,,,Belgrade Metropolitan Area,,,ChIJKzQllNFxWkcRN1Nrjt6HVjo,2021-02-07,-18,-5,21,-16,-11,1
RS,Serbia,,,Belgrade Metropolitan Area,,,ChIJKzQllNFxWkcRN1Nrjt6HVjo,2021-02-08,-21,-9,-30,-18,-21,7
RS,Serbia,,,Belgrade Metropolitan Area,,,ChIJKzQllNFxWkcRN1Nrjt6HVjo,2021-02-09,-16,2,-15,-16,-26,6
RS,Serbia,,,Belgrade Metropolitan Area,,,ChIJKzQllNFxWkcRN1Nrjt6HVjo,2021-02-10,-18,1,-18,-16,-25,7
RS,Serbia,,,Belgrade Metropolitan Area,,,ChIJKzQllNFxWkcRN1Nrjt6HVjo,2021-02-11,-28,-9,-45,-25,-27,8
RS,Serbia,,,Belgrade Metropolitan Area,,,ChIJKzQllNFxWkcRN1Nrjt6HVjo,2021-02-12,-29,-6,-47,-25,-26,8
RS,Serbia,,,Belgrade Metropolitan Area,,,ChIJKzQllNFxWkcRN1Nrjt6HVjo,2021-02-13,-31,-10,-46,-25,-17,3
RS,Serbia,,,Belgrade Metropolitan Area,,,ChIJKzQllNFxWkcRN1Nrjt6HVjo,2021-02-14,-23,-10,-17,-27,-11,3
RS,Serbia,,,Belgrade Metropolitan Area,,,ChIJKzQllNFxWkcRN1Nrjt6HVjo,2021-02-15,-24,-19,1,-35,-66,14
RS,Serbia,,,Belgrade Metropolitan Area,,,ChIJKzQllNFxWkcRN1Nrjt6HVjo,2021-02-16,-24,-10,-12,-34,-65,12
RS,Serbia,,,Belgrade Metropolitan Area,,,ChIJKzQllNFxWkcRN1Nrjt6HVjo,2021-02-17,-25,-5,-29,-18,-26,8
RS,Serbia,,,Belgrade Metropolitan Area,,,ChIJKzQllNFxWkcRN1Nrjt6HVjo,2021-02-18,-22,-1,-9,-13,-27,7
RS,Serbia,,,Belgrade Metropolitan Area,,,ChIJKzQllNFxWkcRN1Nrjt6HVjo,2021-02-19,-24,-1,-18,-16,-26,7
RS,Serbia,,,Belgrade Metropolitan Area,,,ChIJKzQllNFxWkcRN1Nrjt6HVjo,2021-02-20,-28,-6,-31,-16,-13,4
RS,Serbia,,,Belgrade Metropolitan Area,,,ChIJKzQllNFxWkcRN1Nrjt6HVjo,2021-02-21,-12,-4,72,-7,-7,0
RS,Serbia,,,Belgrade Metropolitan Area,,,ChIJKzQllNFxWkcRN1Nrjt6HVjo,2021-02-22,-10,1,37,-4,-19,4
RS,Serbia,,,Belgrade Metropolitan Area,,,ChIJKzQllNFxWkcRN1Nrjt6HVjo,2021-02-23,-8,4,41,-7,-25,4
RS,Serbia,,,Belgrade Metropolitan Area,,,ChIJKzQllNFxWkcRN1Nrjt6HVjo,2021-02-24,-15,2,24,-9,-25,6
RS,Serbia,,,Belgrade Metropolitan Area,,,ChIJKzQllNFxWkcRN1Nrjt6HVjo,2021-02-25,-16,1,29,-6,-25,5
RS,Serbia,,,Belgrade Metropolitan Area,,,ChIJKzQllNFxWkcRN1Nrjt6HVjo,2021-02-26,-17,3,19,-8,-24,5
RS,Serbia,,,Belgrade Metropolitan Area,,,ChIJKzQllNFxWkcRN1Nrjt6HVjo,2021-02-27,-37,-3,-5,-14,-15,4
RS,Serbia,,,Belgrade Metropolitan Area,,,ChIJKzQllNFxWkcRN1Nrjt6HVjo,2021-02-28,-28,0,60,-9,-8,1
RS,Serbia,,,Belgrade Metropolitan Area,,,ChIJKzQllNFxWkcRN1Nrjt6HVjo,2021-03-01,-11,3,12,-5,-19,5
RS,Serbia,,,Belgrade Metropolitan Area,,,ChIJKzQllNFxWkcRN1Nrjt6HVjo,2021-03-02,-11,9,13,-10,-24,5
RS,Serbia,,,Belgrade Metropolitan Area,,,ChIJKzQllNFxWkcRN1Nrjt6HVjo,2021-03-03,-13,7,26,-9,-25,6
RS,Serbia,,,Belgrade Metropolitan Area,,,ChIJKzQllNFxWkcRN1Nrjt6HVjo,2021-03-04,-15,4,22,-8,-25,5
RS,Serbia,,,Belgrade Metropolitan Area,,,ChIJKzQllNFxWkcRN1Nrjt6HVjo,2021-03-05,-20,8,-21,-13,-25,6
RS,Serbia,,,Belgrade Metropolitan Area,,,ChIJKzQllNFxWkcRN1Nrjt6HVjo,2021-03-06,-48,0,-20,-19,-22,5
RS,Serbia,,,Belgrade Metropolitan Area,,,ChIJKzQllNFxWkcRN1Nrjt6HVjo,2021-03-07,-54,-6,39,-20,-24,3
RS,Serbia,,,Belgrade Metropolitan Area,,,ChIJKzQllNFxWkcRN1Nrjt6HVjo,2021-03-08,3,24,12,0,-21,4
RS,Serbia,,,Belgrade Metropolitan Area,,,ChIJKzQllNFxWkcRN1Nrjt6HVjo,2021-03-09,-14,6,-13,-14,-27,7
RS,Serbia,,,Belgrade Metropolitan Area,,,ChIJKzQllNFxWkcRN1Nrjt6HVjo,2021-03-10,-19,6,-21,-19,-27,8
RS,Serbia,,,Belgrade Metropolitan Area,,,ChIJKzQllNFxWkcRN1Nrjt6HVjo,2021-03-11,-19,5,-6,-14,-28,7
RS,Serbia,,,Belgrade Metropolitan Area,,,ChIJKzQllNFxWkcRN1Nrjt6HVjo,2021-03-12,-24,4,-41,-18,-27,8
RS,Serbia,,,Belgrade Metropolitan Area,,,ChIJKzQllNFxWkcRN1Nrjt6HVjo,2021-03-13,-57,-5,3,-24,-31,7
RS,Serbia,,,Belgrade Metropolitan Area,,,ChIJKzQllNFxWkcRN1Nrjt6HVjo,2021-03-14,-56,-10,22,-22,-24,4
RS,Serbia,,,Belgrade Metropolitan Area,,,ChIJKzQllNFxWkcRN1Nrjt6HVjo,2021-03-15,-24,-10,-47,-23,-24,9
RS,Serbia,,,Belgrade Metropolitan Area,,,ChIJKzQllNFxWkcRN1Nrjt6HVjo,2021-03-16,-4,18,-15,-13,-28,7
RS,Serbia,,,Belgrade Metropolitan Area,,,ChIJKzQllNFxWkcRN1Nrjt6HVjo,2021-03-17,-55,-6,-39,-30,-34,13
RS,Serbia,,,Belgrade Metropolitan Area,,,ChIJKzQllNFxWkcRN1Nrjt6HVjo,2021-03-18,-57,-6,-47,-30,-35,13
RS,Serbia,,,Belgrade Metropolitan Area,,,ChIJKzQllNFxWkcRN1Nrjt6HVjo,2021-03-19,-56,-2,-45,-29,-34,13
RS,Serbia,,,Belgrade Metropolitan Area,,,ChIJKzQllNFxWkcRN1Nrjt6HVjo,2021-03-20,-55,-1,-4,-23,-26,7
RS,Serbia,,,Belgrade Metropolitan Area,,,ChIJKzQllNFxWkcRN1Nrjt6HVjo,2021-03-21,-65,-15,-50,-34,-26,7
RS,Serbia,,,Belgrade Metropolitan Area,,,ChIJKzQllNFxWkcRN1Nrjt6HVjo,2021-03-22,-39,-3,-40,-22,-26,10
RS,Serbia,,,Belgrade Metropolitan Area,,,ChIJKzQllNFxWkcRN1Nrjt6HVjo,2021-03-23,-32,8,-3,-17,-30,8
RS,Serbia,,,Belgrade Metropolitan Area,,,ChIJKzQllNFxWkcRN1Nrjt6HVjo,2021-03-24,-37,3,-16,-21,-31,10
RS,Serbia,,,Belgrade Metropolitan Area,,,ChIJKzQllNFxWkcRN1Nrjt6HVjo,2021-03-25,-35,6,3,-15,-31,9
RS,Serbia,,,Belgrade Metropolitan Area,,,ChIJKzQllNFxWkcRN1Nrjt6HVjo,2021-03-26,-35,6,5,-15,-30,8
RS,Serbia,,,Belgrade Metropolitan Area,,,ChIJKzQllNFxWkcRN1Nrjt6HVjo,2021-03-27,-34,-1,45,-2,-18,1
RS,Serbia,,,Belgrade Metropolitan Area,,,ChIJKzQllNFxWkcRN1Nrjt6HVjo,2021-03-28,-41,-5,33,-14,-15,1
RS,Serbia,,,Belgrade Metropolitan Area,,,ChIJKzQllNFxWkcRN1Nrjt6HVjo,2021-03-29,-24,5,45,-6,-24,7
RS,Serbia,,,Belgrade Metropolitan Area,,,ChIJKzQllNFxWkcRN1Nrjt6HVjo,2021-03-30,-26,9,29,-10,-28,7
RS,Serbia,,,Belgrade Metropolitan Area,,,ChIJKzQllNFxWkcRN1Nrjt6HVjo,2021-03-31,-22,11,60,-7,-29,7
RS,Serbia,,,Belgrade Metropolitan Area,,,ChIJKzQllNFxWkcRN1Nrjt6HVjo,2021-04-01,-24,9,56,-4,-28,6
RS,Serbia,,,Belgrade Metropolitan Area,,,ChIJKzQllNFxWkcRN1Nrjt6HVjo,2021-04-02,-33,8,-1,-13,-28,7
RS,Serbia,,,Belgrade Metropolitan Area,,,ChIJKzQllNFxWkcRN1Nrjt6HVjo,2021-04-03,-45,-3,-51,-22,-19,6
RS,Serbia,,,Belgrade Metropolitan Area,,,ChIJKzQllNFxWkcRN1Nrjt6HVjo,2021-04-04,-45,-2,-20,-21,-14,4
RS,Serbia,,,Belgrade Metropolitan Area,,,ChIJKzQllNFxWkcRN1Nrjt6HVjo,2021-04-05,-10,10,40,-1,-21,5
RS,Serbia,,,Belgrade Metropolitan Area,,,ChIJKzQllNFxWkcRN1Nrjt6HVjo,2021-04-06,-29,4,-34,-16,-27,8
RS,Serbia,,,Belgrade Metropolitan Area,,,ChIJKzQllNFxWkcRN1Nrjt6HVjo,2021-04-07,-31,5,-25,-18,-29,10
RS,Serbia,,,Belgrade Metropolitan Area,,,ChIJKzQllNFxWkcRN1Nrjt6HVjo,2021-04-08,-27,7,-7,-8,-27,8
RS,Serbia,,,Belgrade Metropolitan Area,,,ChIJKzQllNFxWkcRN1Nrjt6HVjo,2021-04-09,-21,11,15,-6,-25,5
RS,Serbia,,,Belgrade Metropolitan Area,,,ChIJKzQllNFxWkcRN1Nrjt6HVjo,2021-04-10,-17,7,51,10,-9,-2
RS,Serbia,,,Belgrade Metropolitan Area,,,ChIJKzQllNFxWkcRN1Nrjt6HVjo,2021-04-11,-17,4,70,2,-8,-3
RS,Serbia,,,Belgrade Metropolitan Area,,,ChIJKzQllNFxWkcRN1Nrjt6HVjo,2021-04-12,4,14,63,8,-18,3
RS,Serbia,,,Belgrade Metropolitan Area,,,ChIJKzQllNFxWkcRN1Nrjt6HVjo,2021-04-13,-20,7,-35,-10,-26,7
RS,Serbia,,,Belgrade Metropolitan Area,,,ChIJKzQllNFxWkcRN1Nrjt6HVjo,2021-04-14,-25,6,-34,-16,-27,9
RS,Serbia,,,Belgrade Metropolitan Area,,,ChIJKzQllNFxWkcRN1Nrjt6HVjo,2021-04-15,-20,10,-15,-7,-25,7
RS,Serbia,,,Belgrade Metropolitan Area,,,ChIJKzQllNFxWkcRN1Nrjt6HVjo,2021-04-16,-19,12,-8,-6,-24,6
RS,Serbia,,,Belgrade Metropolitan Area,,,ChIJKzQllNFxWkcRN1Nrjt6HVjo,2021-04-17,-26,4,-30,-5,-11,3
RS,Serbia,,,Belgrade Metropolitan Area,,,ChIJKzQllNFxWkcRN1Nrjt6HVjo,2021-04-18,-28,2,-19,-12,-10,4
RS,Serbia,,,Belgrade Metropolitan Area,,,ChIJKzQllNFxWkcRN1Nrjt6HVjo,2021-04-19,-8,11,18,5,-15,5
RS,Serbia,,,Belgrade Metropolitan Area,,,ChIJKzQllNFxWkcRN1Nrjt6HVjo,2021-04-20,-8,19,9,4,-20,5
RS,Serbia,,,Belgrade Metropolitan Area,,,ChIJKzQllNFxWkcRN1Nrjt6HVjo,2021-04-21,-4,17,36,4,-20,4
RS,Serbia,,,Belgrade Metropolitan Area,,,ChIJKzQllNFxWkcRN1Nrjt6HVjo,2021-04-22,-5,13,50,10,-20,3
RS,Serbia,,,Belgrade Metropolitan Area,,,ChIJKzQllNFxWkcRN1Nrjt6HVjo,2021-04-23,-10,13,17,3,-19,3
RS,Serbia,,,Belgrade Metropolitan Area,,,ChIJKzQllNFxWkcRN1Nrjt6HVjo,2021-04-24,-8,8,47,15,-8,-3
RS,Serbia,,,Belgrade Metropolitan Area,,,ChIJKzQllNFxWkcRN1Nrjt6HVjo,2021-04-25,2,10,95,15,-1,-4
RS,Serbia,,,Belgrade Metropolitan Area,,,ChIJKzQllNFxWkcRN1Nrjt6HVjo,2021-04-26,-3,12,20,9,-14,3
RS,Serbia,,,Belgrade Metropolitan Area,,,ChIJKzQllNFxWkcRN1Nrjt6HVjo,2021-04-27,-12,13,-24,2,-21,5
RS,Serbia,,,Belgrade Metropolitan Area,,,ChIJKzQllNFxWkcRN1Nrjt6HVjo,2021-04-28,-9,22,-10,4,-21,4
RS,Serbia,,,Belgrade Metropolitan Area,,,ChIJKzQllNFxWkcRN1Nrjt6HVjo,2021-04-29,1,33,31,19,-21,-2
RS,Serbia,,,Belgrade Metropolitan Area,,,ChIJKzQllNFxWkcRN1Nrjt6HVjo,2021-04-30,-36,5,-6,-30,-70,11
RS,Serbia,,,Belgrade Metropolitan Area,,,ChIJKzQllNFxWkcRN1Nrjt6HVjo,2021-05-01,-47,-22,-15,-27,-44,-1
RS,Serbia,,,Belgrade Metropolitan Area,,,ChIJKzQllNFxWkcRN1Nrjt6HVjo,2021-05-02,-71,-78,-7,-43,-35,-2
RS,Serbia,,,Belgrade Metropolitan Area,,,ChIJKzQllNFxWkcRN1Nrjt6HVjo,2021-05-03,-30,-21,21,-35,-73,6
RS,Serbia,,,Belgrade Metropolitan Area,,,ChIJKzQllNFxWkcRN1Nrjt6HVjo,2021-05-04,-7,1,49,-17,-63,3
RS,Serbia,,,Belgrade Metropolitan Area,,,ChIJKzQllNFxWkcRN1Nrjt6HVjo,2021-05-05,-8,11,23,-4,-29,2
RS,Serbia,,,Belgrade Metropolitan Area,,,ChIJKzQllNFxWkcRN1Nrjt6HVjo,2021-05-06,-14,9,15,-5,-33,2
RS,Serbia,,,Belgrade Metropolitan Area,,,ChIJKzQllNFxWkcRN1Nrjt6HVjo,2021-05-07,-19,3,-16,-9,-28,3
RS,Serbia,,,Belgrade Metropolitan Area,,,ChIJKzQllNFxWkcRN1Nrjt6HVjo,2021-05-08,-13,3,17,6,-7,-3
RS,Serbia,,,Belgrade Metropolitan Area,,,ChIJKzQllNFxWkcRN1Nrjt6HVjo,2021-05-09,-1,5,76,13,0,-6
RS,Serbia,,,Belgrade Metropolitan Area,,,ChIJKzQllNFxWkcRN1Nrjt6HVjo,2021-05-10,10,18,50,21,-14,0
RS,Serbia,,,Belgrade Metropolitan Area,,,ChIJKzQllNFxWkcRN1Nrjt6HVjo,2021-05-11,11,24,50,17,-18,0
RS,Serbia,,,Belgrade Metropolitan Area,,,ChIJKzQllNFxWkcRN1Nrjt6HVjo,2021-05-12,-6,15,-5,6,-20,4
RS,Serbia,,,Belgrade Metropolitan Area,,,ChIJKzQllNFxWkcRN1Nrjt6HVjo,2021-05-13,-7,15,-9,8,-21,3
RS,Serbia,,,Belgrade Metropolitan Area,,,ChIJKzQllNFxWkcRN1Nrjt6HVjo,2021-05-14,-3,19,12,12,-19,2
RS,Serbia,,,Belgrade Metropolitan Area,,,ChIJKzQllNFxWkcRN1Nrjt6HVjo,2021-05-15,-1,10,35,20,-9,-3
RS,Serbia,,,Belgrade Metropolitan Area,,,ChIJKzQllNFxWkcRN1Nrjt6HVjo,2021-05-16,-1,11,47,11,1,-2
RS,Serbia,,,Belgrade Metropolitan Area,,,ChIJKzQllNFxWkcRN1Nrjt6HVjo,2021-05-17,-7,7,-20,11,-13,4
RS,Serbia,,,Belgrade Metropolitan Area,,,ChIJKzQllNFxWkcRN1Nrjt6HVjo,2021-05-18,12,27,45,20,-17,1
RS,Serbia,,,Belgrade Metropolitan Area,,,ChIJKzQllNFxWkcRN1Nrjt6HVjo,2021-05-19,-8,12,-19,2,-18,5
RS,Serbia,,,Belgrade Metropolitan Area,,,ChIJKzQllNFxWkcRN1Nrjt6HVjo,2021-05-20,-17,4,-37,-8,-19,5
RS,Serbia,,,Belgrade Metropolitan Area,,,ChIJKzQllNFxWkcRN1Nrjt6HVjo,2021-05-21,1,22,22,12,-15,0
RS,Serbia,,,Belgrade Metropolitan Area,,,ChIJKzQllNFxWkcRN1Nrjt6HVjo,2021-05-22,-4,7,42,17,-6,-5
RS,Serbia,,,Belgrade Metropolitan Area,,,ChIJKzQllNFxWkcRN1Nrjt6HVjo,2021-05-23,3,7,72,14,3,-6
RS,Serbia,,,Belgrade Metropolitan Area,,,ChIJKzQllNFxWkcRN1Nrjt6HVjo,2021-05-24,8,20,38,18,-11,1
RS,Serbia,,,Belgrade Metropolitan Area,,,ChIJKzQllNFxWkcRN1Nrjt6HVjo,2021-05-25,6,19,32,15,-16,1
RS,Serbia,,,Belgrade Metropolitan Area,,,ChIJKzQllNFxWkcRN1Nrjt6HVjo,2021-05-26,6,23,52,14,-17,1
RS,Serbia,,,Belgrade Metropolitan Area,,,ChIJKzQllNFxWkcRN1Nrjt6HVjo,2021-05-27,2,17,39,14,-16,1
RS,Serbia,,,Belgrade Metropolitan Area,,,ChIJKzQllNFxWkcRN1Nrjt6HVjo,2021-05-28,-4,17,10,10,-15,1
RS,Serbia,,,Belgrade Metropolitan Area,,,ChIJKzQllNFxWkcRN1Nrjt6HVjo,2021-05-29,-4,8,28,16,-3,-4
RS,Serbia,,,Belgrade Metropolitan Area,,,ChIJKzQllNFxWkcRN1Nrjt6HVjo,2021-05-30,1,11,56,12,7,-4
RS,Serbia,,,Belgrade Metropolitan Area,,,ChIJKzQllNFxWkcRN1Nrjt6HVjo,2021-05-31,-1,14,-12,10,-9,3
RS,Serbia,,,Belgrade Metropolitan Area,,,ChIJKzQllNFxWkcRN1Nrjt6HVjo,2021-06-01,9,27,26,16,-14,1
RS,Serbia,,,Belgrade Metropolitan Area,,,ChIJKzQllNFxWkcRN1Nrjt6HVjo,2021-06-02,9,26,46,15,-15,1
RS,Serbia,,,Belgrade Metropolitan Area,,,ChIJKzQllNFxWkcRN1Nrjt6HVjo,2021-06-03,7,22,44,16,-15,0
RS,Serbia,,,Belgrade Metropolitan Area,,,ChIJKzQllNFxWkcRN1Nrjt6HVjo,2021-06-04,3,19,23,12,-14,-1
RS,Serbia,,,Belgrade Metropolitan Area,,,ChIJKzQllNFxWkcRN1Nrjt6HVjo,2021-06-05,2,10,40,22,-2,-6
RS,Serbia,,,Belgrade Metropolitan Area,,,ChIJKzQllNFxWkcRN1Nrjt6HVjo,2021-06-06,-5,10,29,9,2,-4
RS,Serbia,,,Belgrade Metropolitan Area,,,ChIJKzQllNFxWkcRN1Nrjt6HVjo,2021-06-07,14,22,51,21,-8,0
RS,Serbia,,,Belgrade Metropolitan Area,,,ChIJKzQllNFxWkcRN1Nrjt6HVjo,2021-06-08,15,28,53,17,-13,0
RS,Serbia,,,Belgrade Metropolitan Area,,,ChIJKzQllNFxWkcRN1Nrjt6HVjo,2021-06-09,10,25,46,14,-16,1
RS,Serbia,,,Belgrade Metropolitan Area,,,ChIJKzQllNFxWkcRN1Nrjt6HVjo,2021-06-10,7,23,35,16,-16,0
RS,Serbia,,,Belgrade Metropolitan Area,,,ChIJKzQllNFxWkcRN1Nrjt6HVjo,2021-06-11,-3,17,6,10,-16,0
RS,Serbia,,,Belgrade Metropolitan Area,,,ChIJKzQllNFxWkcRN1Nrjt6HVjo,2021-06-12,-1,8,30,20,-4,-5
RS,Serbia,,,Belgrade Metropolitan Area,,,ChIJKzQllNFxWkcRN1Nrjt6HVjo,2021-06-13,-3,7,28,7,2,-4
RS,Serbia,,,Belgrade Metropolitan Area,,,ChIJKzQllNFxWkcRN1Nrjt6HVjo,2021-06-14,5,16,13,15,-11,1
RS,Serbia,,,Belgrade Metropolitan Area,,,ChIJKzQllNFxWkcRN1Nrjt6HVjo,2021-06-15,11,26,37,16,-15,0
RS,Serbia,,,Belgrade Metropolitan Area,,,ChIJKzQllNFxWkcRN1Nrjt6HVjo,2021-06-16,10,23,46,14,-18,0
RS,Serbia,,,Belgrade Metropolitan Area,,,ChIJKzQllNFxWkcRN1Nrjt6HVjo,2021-06-17,4,17,35,12,-19,-1
RS,Serbia,,,Belgrade Metropolitan Area,,,ChIJKzQllNFxWkcRN1Nrjt6HVjo,2021-06-18,-1,14,13,6,-19,-2
RS,Serbia,,,Belgrade Metropolitan Area,,,ChIJKzQllNFxWkcRN1Nrjt6HVjo,2021-06-19,-7,2,20,12,-9,-6
RS,Serbia,,,Belgrade Metropolitan Area,,,ChIJKzQllNFxWkcRN1Nrjt6HVjo,2021-06-20,-2,2,44,10,-2,-9
RS,Serbia,,,Belgrade Metropolitan Area,,,ChIJKzQllNFxWkcRN1Nrjt6HVjo,2021-06-21,7,16,31,13,-16,-1
RS,Serbia,,,Belgrade Metropolitan Area,,,ChIJKzQllNFxWkcRN1Nrjt6HVjo,2021-06-22,6,18,27,9,-21,-1
RS,Serbia,,,Belgrade Metropolitan Area,,,ChIJKzQllNFxWkcRN1Nrjt6HVjo,2021-06-23,-1,13,19,2,-26,1
RS,Serbia,,,Belgrade Metropolitan Area,,,ChIJKzQllNFxWkcRN1Nrjt6HVjo,2021-06-24,-8,6,4,0,-27,1
RS,Serbia,,,Belgrade Metropolitan Area,,,ChIJKzQllNFxWkcRN1Nrjt6HVjo,2021-06-25,-10,6,-8,-3,-26,1
RS,Serbia,,,Belgrade Metropolitan Area,,,ChIJKzQllNFxWkcRN1Nrjt6HVjo,2021-06-26,-10,0,11,14,-8,-6
RS,Serbia,,,Belgrade Metropolitan Area,,,ChIJKzQllNFxWkcRN1Nrjt6HVjo,2021-06-27,-4,0,36,15,4,-9
RS,Serbia,,,Belgrade Metropolitan Area,,,ChIJKzQllNFxWkcRN1Nrjt6HVjo,2021-06-28,10,15,40,19,-19,-2
RS,Serbia,,,Belgrade Metropolitan Area,,,ChIJKzQllNFxWkcRN1Nrjt6HVjo,2021-06-29,3,12,24,11,-25,-2
RS,Serbia,,,Belgrade Metropolitan Area,,,ChIJKzQllNFxWkcRN1Nrjt6HVjo,2021-06-30,0,12,23,7,-26,-1
RS,Serbia,,,Belgrade Metropolitan Area,,,ChIJKzQllNFxWkcRN1Nrjt6HVjo,2021-07-01,-3,11,3,10,-24,0
RS,Serbia,,,Belgrade Metropolitan Area,,,ChIJKzQllNFxWkcRN1Nrjt6HVjo,2021-07-02,-1,16,11,10,-22,-2
RS,Serbia,,,Belgrade Metropolitan Area,,,ChIJKzQllNFxWkcRN1Nrjt6HVjo,2021-07-03,-6,4,18,18,-7,-6
RS,Serbia,,,Belgrade Metropolitan Area,,,ChIJKzQllNFxWkcRN1Nrjt6HVjo,2021-07-04,0,5,54,20,2,-8
RS,Serbia,,,Belgrade Metropolitan Area,,,ChIJKzQllNFxWkcRN1Nrjt6HVjo,2021-07-05,12,17,45,23,-17,-2
RS,Serbia,,,Belgrade Metropolitan Area,,,ChIJKzQllNFxWkcRN1Nrjt6HVjo,2021-07-06,12,21,38,19,-22,-2
RS,Serbia,,,Belgrade Metropolitan Area,,,ChIJKzQllNFxWkcRN1Nrjt6HVjo,2021-07-07,4,16,32,12,-24,-1
RS,Serbia,,,Belgrade Metropolitan Area,,,ChIJKzQllNFxWkcRN1Nrjt6HVjo,2021-07-08,-4,8,17,9,-25,-1
RS,Serbia,,,Belgrade Metropolitan Area,,,ChIJKzQllNFxWkcRN1Nrjt6HVjo,2021-07-09,-12,6,-16,2,-24,0
RS,Serbia,,,Belgrade Metropolitan Area,,,ChIJKzQllNFxWkcRN1Nrjt6HVjo,2021-07-10,-11,2,4,14,-10,-6
