country_region_code,country_region,sub_region_1,sub_region_2,metro_area,iso_3166_2_code,census_fips_code,place_id,date,retail_and_recreation_percent_change_from_baseline,grocery_and_pharmacy_percent_change_from_baseline,parks_percent_change_from_baseline,transit_stations_percent_change_from_baseline,workplaces_percent_change_from_baseline,residential_percent_change_from_baseline
PG,Papua New Guinea,,,,,,ChIJr54Ov6_oWWgRehKcjg3l8No,2021-01-01,-43,-40,-22,-36,-74,23
PG,Papua New Guinea,,,,,,ChIJr54Ov6_oWWgRehKcjg3l8No,2021-01-02,-1,14,-18,-6,-27,10
PG,Papua New Guinea,,,,,,ChIJr54Ov6_oWWgRehKcjg3l8No,2021-01-03,8,18,-16,1,-19,8
PG,Papua New Guinea,,,,,,ChIJr54Ov6_oWWgRehKcjg3l8No,2021-01-04,24,35,-11,18,-5,6
PG,Papua New Guinea,,,,,,ChIJr54Ov6_oWWgRehKcjg3l8No,2021-01-05,20,36,-17,24,-5,5
PG,Papua New Guinea,,,,,,ChIJr54Ov6_oWWgRehKcjg3l8No,2021-01-06,14,33,-16,12,2,8
PG,Papua New Guinea,,,,,,ChIJr54Ov6_oWWgRehKcjg3l8No,2021-01-07,19,36,-14,17,2,5
PG,Papua New Guinea,,,,,,ChIJr54Ov6_oWWgRehKcjg3l8No,2021-01-08,-21,8,-17,2,-55,18
PG,Papua New Guinea,,,,,,ChIJr54Ov6_oWWgRehKcjg3l8No,2021-01-09,8,25,-16,4,-7,6
PG,Papua New Guinea,,,,,,ChIJr54Ov6_oWWgRehKcjg3l8No,2021-01-10,10,27,-9,4,-14,4
PG,Papua New Guinea,,,,,,ChIJr54Ov6_oWWgRehKcjg3l8No,2021-01-11,23,36,-7,23,7,4
PG,Papua New Guinea,,,,,,ChIJr54Ov6_oWWgRehKcjg3l8No,2021-01-12,21,40,-9,21,4,3
PG,Papua New Guinea,,,,,,ChIJr54Ov6_oWWgRehKcjg3l8No,2021-01-13,18,40,-14,18,7,3
PG,Papua New Guinea,,,,,,ChIJr54Ov6_oWWgRehKcjg3l8No,2021-01-14,11,26,-17,13,-3,2
PG,Papua New Guinea,,,,,,ChIJr54Ov6_oWWgRehKcjg3l8No,2021-01-15,5,21,-19,7,-6,3
PG,Papua New Guinea,,,,,,ChIJr54Ov6_oWWgRehKcjg3l8No,2021-01-16,-2,12,-20,0,-13,3
PG,Papua New Guinea,,,,,,ChIJr54Ov6_oWWgRehKcjg3l8No,2021-01-17,0,20,-19,2,-20,3
PG,Papua New Guinea,,,,,,ChIJr54Ov6_oWWgRehKcjg3l8No,2021-01-18,13,25,-14,11,-7,2
PG,Papua New Guinea,,,,,,ChIJr54Ov6_oWWgRehKcjg3l8No,2021-01-19,8,22,-23,15,-6,3
PG,Papua New Guinea,,,,,,ChIJr54Ov6_oWWgRehKcjg3l8No,2021-01-20,4,17,-21,9,-2,5
PG,Papua New Guinea,,,,,,ChIJr54Ov6_oWWgRehKcjg3l8No,2021-01-21,8,19,-21,15,-3,4
PG,Papua New Guinea,,,,,,ChIJr54Ov6_oWWgRehKcjg3l8No,2021-01-22,10,29,-20,11,-1,3
PG,Papua New Guinea,,,,,,ChIJr54Ov6_oWWgRehKcjg3l8No,2021-01-23,3,24,-18,11,-8,1
PG,Papua New Guinea,,,,,,ChIJr54Ov6_oWWgRehKcjg3l8No,2021-01-24,8,27,-19,4,-21,3
PG,Papua New Guinea,,,,,,ChIJr54Ov6_oWWgRehKcjg3l8No,2021-01-25,18,37,-12,15,2,3
PG,Papua New Guinea,,,,,,ChIJr54Ov6_oWWgRehKcjg3l8No,2021-01-26,17,37,-15,18,0,2
PG,Papua New Guinea,,,,,,ChIJr54Ov6_oWWgRehKcjg3l8No,2021-01-27,20,43,-16,24,5,3
PG,Papua New Guinea,,,,,,ChIJr54Ov6_oWWgRehKcjg3l8No,2021-01-28,17,38,-17,25,3,3
PG,Papua New Guinea,,,,,,ChIJr54Ov6_oWWgRehKcjg3l8No,2021-01-29,20,45,-20,26,4,0
PG,Papua New Guinea,,,,,,ChIJr54Ov6_oWWgRehKcjg3l8No,2021-01-30,13,37,-25,20,-5,-1
PG,Papua New Guinea,,,,,,ChIJr54Ov6_oWWgRehKcjg3l8No,2021-01-31,13,37,-32,16,-18,4
PG,Papua New Guinea,,,,,,ChIJr54Ov6_oWWgRehKcjg3l8No,2021-02-01,27,51,-24,24,1,-2
PG,Papua New Guinea,,,,,,ChIJr54Ov6_oWWgRehKcjg3l8No,2021-02-02,20,49,-23,29,-1,-2
PG,Papua New Guinea,,,,,,ChIJr54Ov6_oWWgRehKcjg3l8No,2021-02-03,15,41,-26,19,7,1
PG,Papua New Guinea,,,,,,ChIJr54Ov6_oWWgRehKcjg3l8No,2021-02-04,9,32,-23,22,3,0
PG,Papua New Guinea,,,,,,ChIJr54Ov6_oWWgRehKcjg3l8No,2021-02-05,14,39,-23,15,4,0
PG,Papua New Guinea,,,,,,ChIJr54Ov6_oWWgRehKcjg3l8No,2021-02-06,10,38,-22,24,-4,0
PG,Papua New Guinea,,,,,,ChIJr54Ov6_oWWgRehKcjg3l8No,2021-02-07,13,39,-23,21,-17,1
PG,Papua New Guinea,,,,,,ChIJr54Ov6_oWWgRehKcjg3l8No,2021-02-08,14,40,-18,23,3,-2
PG,Papua New Guinea,,,,,,ChIJr54Ov6_oWWgRehKcjg3l8No,2021-02-09,17,49,-21,29,3,-2
PG,Papua New Guinea,,,,,,ChIJr54Ov6_oWWgRehKcjg3l8No,2021-02-10,21,52,-22,32,8,-3
PG,Papua New Guinea,,,,,,ChIJr54Ov6_oWWgRehKcjg3l8No,2021-02-11,21,47,-21,34,7,-3
PG,Papua New Guinea,,,,,,ChIJr54Ov6_oWWgRehKcjg3l8No,2021-02-12,19,49,-24,19,5,-4
PG,Papua New Guinea,,,,,,ChIJr54Ov6_oWWgRehKcjg3l8No,2021-02-13,15,47,-26,21,-10,-3
PG,Papua New Guinea,,,,,,ChIJr54Ov6_oWWgRehKcjg3l8No,2021-02-14,22,52,-26,21,-19,-2
PG,Papua New Guinea,,,,,,ChIJr54Ov6_oWWgRehKcjg3l8No,2021-02-15,14,42,-23,23,3,-3
PG,Papua New Guinea,,,,,,ChIJr54Ov6_oWWgRehKcjg3l8No,2021-02-16,15,50,-26,20,3,-3
PG,Papua New Guinea,,,,,,ChIJr54Ov6_oWWgRehKcjg3l8No,2021-02-17,14,40,-27,19,5,-4
PG,Papua New Guinea,,,,,,ChIJr54Ov6_oWWgRehKcjg3l8No,2021-02-18,15,36,-28,20,5,-5
PG,Papua New Guinea,,,,,,ChIJr54Ov6_oWWgRehKcjg3l8No,2021-02-19,12,38,-28,16,6,-4
PG,Papua New Guinea,,,,,,ChIJr54Ov6_oWWgRehKcjg3l8No,2021-02-20,10,41,-25,10,-3,-4
PG,Papua New Guinea,,,,,,ChIJr54Ov6_oWWgRehKcjg3l8No,2021-02-21,10,48,-26,4,-17,-2
PG,Papua New Guinea,,,,,,ChIJr54Ov6_oWWgRehKcjg3l8No,2021-02-22,10,36,-24,11,6,-4
PG,Papua New Guinea,,,,,,ChIJr54Ov6_oWWgRehKcjg3l8No,2021-02-23,11,44,-27,9,2,-2
PG,Papua New Guinea,,,,,,ChIJr54Ov6_oWWgRehKcjg3l8No,2021-02-24,17,47,-30,13,8,-2
PG,Papua New Guinea,,,,,,ChIJr54Ov6_oWWgRehKcjg3l8No,2021-02-25,17,47,-25,15,8,-2
PG,Papua New Guinea,,,,,,ChIJr54Ov6_oWWgRehKcjg3l8No,2021-02-26,17,55,-25,16,9,-3
PG,Papua New Guinea,,,,,,ChIJr54Ov6_oWWgRehKcjg3l8No,2021-02-27,14,53,-24,12,-4,-4
PG,Papua New Guinea,,,,,,ChIJr54Ov6_oWWgRehKcjg3l8No,2021-02-28,13,49,-24,6,-16,-1
PG,Papua New Guinea,,,,,,ChIJr54Ov6_oWWgRehKcjg3l8No,2021-03-01,-69,-55,-33,-22,-68,17
PG,Papua New Guinea,,,,,,ChIJr54Ov6_oWWgRehKcjg3l8No,2021-03-02,20,61,-24,8,4,-4
PG,Papua New Guinea,,,,,,ChIJr54Ov6_oWWgRehKcjg3l8No,2021-03-03,12,40,-30,6,7,0
PG,Papua New Guinea,,,,,,ChIJr54Ov6_oWWgRehKcjg3l8No,2021-03-04,7,32,-27,3,6,1
PG,Papua New Guinea,,,,,,ChIJr54Ov6_oWWgRehKcjg3l8No,2021-03-05,13,44,-27,4,7,-1
PG,Papua New Guinea,,,,,,ChIJr54Ov6_oWWgRehKcjg3l8No,2021-03-06,9,42,-26,1,-7,1
PG,Papua New Guinea,,,,,,ChIJr54Ov6_oWWgRehKcjg3l8No,2021-03-07,16,47,-27,-14,-10,2
PG,Papua New Guinea,,,,,,ChIJr54Ov6_oWWgRehKcjg3l8No,2021-03-08,15,39,-23,0,4,0
PG,Papua New Guinea,,,,,,ChIJr54Ov6_oWWgRehKcjg3l8No,2021-03-09,14,42,-24,0,-1,-1
PG,Papua New Guinea,,,,,,ChIJr54Ov6_oWWgRehKcjg3l8No,2021-03-10,30,57,-24,8,5,0
PG,Papua New Guinea,,,,,,ChIJr54Ov6_oWWgRehKcjg3l8No,2021-03-11,19,60,-18,11,1,-1
PG,Papua New Guinea,,,,,,ChIJr54Ov6_oWWgRehKcjg3l8No,2021-03-12,-74,-64,-35,-33,-73,22
PG,Papua New Guinea,,,,,,ChIJr54Ov6_oWWgRehKcjg3l8No,2021-03-13,12,51,-24,9,-13,1
PG,Papua New Guinea,,,,,,ChIJr54Ov6_oWWgRehKcjg3l8No,2021-03-14,2,41,-21,25,-14,3
PG,Papua New Guinea,,,,,,ChIJr54Ov6_oWWgRehKcjg3l8No,2021-03-15,7,44,-19,10,1,2
PG,Papua New Guinea,,,,,,ChIJr54Ov6_oWWgRehKcjg3l8No,2021-03-16,-7,17,-23,-2,-17,6
PG,Papua New Guinea,,,,,,ChIJr54Ov6_oWWgRehKcjg3l8No,2021-03-17,6,46,-24,4,0,4
PG,Papua New Guinea,,,,,,ChIJr54Ov6_oWWgRehKcjg3l8No,2021-03-18,6,40,-21,7,-3,4
PG,Papua New Guinea,,,,,,ChIJr54Ov6_oWWgRehKcjg3l8No,2021-03-19,8,48,-24,-4,-1,4
PG,Papua New Guinea,,,,,,ChIJr54Ov6_oWWgRehKcjg3l8No,2021-03-20,3,43,-21,1,-10,3
PG,Papua New Guinea,,,,,,ChIJr54Ov6_oWWgRehKcjg3l8No,2021-03-21,1,41,-22,7,-15,5
PG,Papua New Guinea,,,,,,ChIJr54Ov6_oWWgRehKcjg3l8No,2021-03-22,5,40,-22,-10,-5,7
PG,Papua New Guinea,,,,,,ChIJr54Ov6_oWWgRehKcjg3l8No,2021-03-23,3,43,-25,-5,-8,5
PG,Papua New Guinea,,,,,,ChIJr54Ov6_oWWgRehKcjg3l8No,2021-03-24,10,52,-24,-7,-2,6
PG,Papua New Guinea,,,,,,ChIJr54Ov6_oWWgRehKcjg3l8No,2021-03-25,6,42,-25,0,-3,7
PG,Papua New Guinea,,,,,,ChIJr54Ov6_oWWgRehKcjg3l8No,2021-03-26,9,49,-28,-4,1,7
PG,Papua New Guinea,,,,,,ChIJr54Ov6_oWWgRehKcjg3l8No,2021-03-27,0,40,-26,-11,-8,5
PG,Papua New Guinea,,,,,,ChIJr54Ov6_oWWgRehKcjg3l8No,2021-03-28,-1,40,-26,-18,-18,5
PG,Papua New Guinea,,,,,,ChIJr54Ov6_oWWgRehKcjg3l8No,2021-03-29,8,43,-25,-5,0,5
PG,Papua New Guinea,,,,,,ChIJr54Ov6_oWWgRehKcjg3l8No,2021-03-30,8,45,-25,-1,0,6
PG,Papua New Guinea,,,,,,ChIJr54Ov6_oWWgRehKcjg3l8No,2021-03-31,6,43,-26,-5,0,7
PG,Papua New Guinea,,,,,,ChIJr54Ov6_oWWgRehKcjg3l8No,2021-04-01,19,55,-27,7,3,6
PG,Papua New Guinea,,,,,,ChIJr54Ov6_oWWgRehKcjg3l8No,2021-04-02,-28,5,-31,-19,-65,19
PG,Papua New Guinea,,,,,,ChIJr54Ov6_oWWgRehKcjg3l8No,2021-04-03,-8,29,-26,-20,-30,8
PG,Papua New Guinea,,,,,,ChIJr54Ov6_oWWgRehKcjg3l8No,2021-04-04,-1,33,-26,-24,-22,6
PG,Papua New Guinea,,,,,,ChIJr54Ov6_oWWgRehKcjg3l8No,2021-04-05,-25,6,-23,-23,-65,17
PG,Papua New Guinea,,,,,,ChIJr54Ov6_oWWgRehKcjg3l8No,2021-04-06,14,50,-28,-1,2,3
PG,Papua New Guinea,,,,,,ChIJr54Ov6_oWWgRehKcjg3l8No,2021-04-07,16,56,-24,6,6,5
PG,Papua New Guinea,,,,,,ChIJr54Ov6_oWWgRehKcjg3l8No,2021-04-08,13,43,-29,8,5,7
PG,Papua New Guinea,,,,,,ChIJr54Ov6_oWWgRehKcjg3l8No,2021-04-09,17,52,-26,9,7,6
PG,Papua New Guinea,,,,,,ChIJr54Ov6_oWWgRehKcjg3l8No,2021-04-10,13,48,-26,2,-2,4
PG,Papua New Guinea,,,,,,ChIJr54Ov6_oWWgRehKcjg3l8No,2021-04-11,10,40,-26,-10,-15,5
PG,Papua New Guinea,,,,,,ChIJr54Ov6_oWWgRehKcjg3l8No,2021-04-12,20,44,-25,11,9,5
PG,Papua New Guinea,,,,,,ChIJr54Ov6_oWWgRehKcjg3l8No,2021-04-13,21,51,-30,8,6,5
PG,Papua New Guinea,,,,,,ChIJr54Ov6_oWWgRehKcjg3l8No,2021-04-14,17,45,-31,6,7,6
PG,Papua New Guinea,,,,,,ChIJr54Ov6_oWWgRehKcjg3l8No,2021-04-15,12,43,-31,9,9,7
PG,Papua New Guinea,,,,,,ChIJr54Ov6_oWWgRehKcjg3l8No,2021-04-16,17,48,-30,12,10,5
PG,Papua New Guinea,,,,,,ChIJr54Ov6_oWWgRehKcjg3l8No,2021-04-17,11,46,-28,8,-1,5
PG,Papua New Guinea,,,,,,ChIJr54Ov6_oWWgRehKcjg3l8No,2021-04-18,13,47,-31,-5,-14,6
PG,Papua New Guinea,,,,,,ChIJr54Ov6_oWWgRehKcjg3l8No,2021-04-19,24,49,-26,7,16,4
PG,Papua New Guinea,,,,,,ChIJr54Ov6_oWWgRehKcjg3l8No,2021-04-20,23,56,-26,7,14,3
PG,Papua New Guinea,,,,,,ChIJr54Ov6_oWWgRehKcjg3l8No,2021-04-21,29,66,-28,8,17,3
PG,Papua New Guinea,,,,,,ChIJr54Ov6_oWWgRehKcjg3l8No,2021-04-22,26,60,-27,16,21,2
PG,Papua New Guinea,,,,,,ChIJr54Ov6_oWWgRehKcjg3l8No,2021-04-23,26,59,-30,14,20,3
PG,Papua New Guinea,,,,,,ChIJr54Ov6_oWWgRehKcjg3l8No,2021-04-24,17,56,-27,11,4,2
PG,Papua New Guinea,,,,,,ChIJr54Ov6_oWWgRehKcjg3l8No,2021-04-25,20,58,-24,-2,-7,4
PG,Papua New Guinea,,,,,,ChIJr54Ov6_oWWgRehKcjg3l8No,2021-04-26,23,53,-28,9,18,3
PG,Papua New Guinea,,,,,,ChIJr54Ov6_oWWgRehKcjg3l8No,2021-04-27,24,60,-30,8,20,2
PG,Papua New Guinea,,,,,,ChIJr54Ov6_oWWgRehKcjg3l8No,2021-04-28,18,50,-34,6,18,4
PG,Papua New Guinea,,,,,,ChIJr54Ov6_oWWgRehKcjg3l8No,2021-04-29,19,46,-31,16,18,5
PG,Papua New Guinea,,,,,,ChIJr54Ov6_oWWgRehKcjg3l8No,2021-04-30,26,57,-33,14,22,3
PG,Papua New Guinea,,,,,,ChIJr54Ov6_oWWgRehKcjg3l8No,2021-05-01,24,58,-30,3,3,2
PG,Papua New Guinea,,,,,,ChIJr54Ov6_oWWgRehKcjg3l8No,2021-05-02,23,57,-31,-2,-7,4
PG,Papua New Guinea,,,,,,ChIJr54Ov6_oWWgRehKcjg3l8No,2021-05-03,26,53,-31,10,20,2
PG,Papua New Guinea,,,,,,ChIJr54Ov6_oWWgRehKcjg3l8No,2021-05-04,29,63,-32,11,21,1
PG,Papua New Guinea,,,,,,ChIJr54Ov6_oWWgRehKcjg3l8No,2021-05-05,36,69,-32,16,24,2
PG,Papua New Guinea,,,,,,ChIJr54Ov6_oWWgRehKcjg3l8No,2021-05-06,33,61,-29,19,25,2
PG,Papua New Guinea,,,,,,ChIJr54Ov6_oWWgRehKcjg3l8No,2021-05-07,29,71,-30,24,25,2
PG,Papua New Guinea,,,,,,ChIJr54Ov6_oWWgRehKcjg3l8No,2021-05-08,30,75,-28,15,10,1
PG,Papua New Guinea,,,,,,ChIJr54Ov6_oWWgRehKcjg3l8No,2021-05-09,32,79,-28,4,-9,1
PG,Papua New Guinea,,,,,,ChIJr54Ov6_oWWgRehKcjg3l8No,2021-05-10,23,58,-30,15,20,1
PG,Papua New Guinea,,,,,,ChIJr54Ov6_oWWgRehKcjg3l8No,2021-05-11,23,68,-25,14,23,1
PG,Papua New Guinea,,,,,,ChIJr54Ov6_oWWgRehKcjg3l8No,2021-05-12,18,62,-27,15,23,2
PG,Papua New Guinea,,,,,,ChIJr54Ov6_oWWgRehKcjg3l8No,2021-05-13,24,60,-24,14,23,3
PG,Papua New Guinea,,,,,,ChIJr54Ov6_oWWgRehKcjg3l8No,2021-05-14,24,66,-23,17,24,2
PG,Papua New Guinea,,,,,,ChIJr54Ov6_oWWgRehKcjg3l8No,2021-05-15,22,66,-15,15,7,1
PG,Papua New Guinea,,,,,,ChIJr54Ov6_oWWgRehKcjg3l8No,2021-05-16,20,65,-19,8,-3,3
PG,Papua New Guinea,,,,,,ChIJr54Ov6_oWWgRehKcjg3l8No,2021-05-17,27,62,-22,16,23,2
PG,Papua New Guinea,,,,,,ChIJr54Ov6_oWWgRehKcjg3l8No,2021-05-18,26,68,-20,16,23,1
PG,Papua New Guinea,,,,,,ChIJr54Ov6_oWWgRehKcjg3l8No,2021-05-19,32,77,-23,11,27,1
PG,Papua New Guinea,,,,,,ChIJr54Ov6_oWWgRehKcjg3l8No,2021-05-20,32,70,-20,18,27,2
PG,Papua New Guinea,,,,,,ChIJr54Ov6_oWWgRehKcjg3l8No,2021-05-21,36,73,-18,15,30,0
PG,Papua New Guinea,,,,,,ChIJr54Ov6_oWWgRehKcjg3l8No,2021-05-22,29,72,-17,15,11,0
PG,Papua New Guinea,,,,,,ChIJr54Ov6_oWWgRehKcjg3l8No,2021-05-23,24,67,-16,-4,-3,2
PG,Papua New Guinea,,,,,,ChIJr54Ov6_oWWgRehKcjg3l8No,2021-05-24,30,66,-17,13,28,1
PG,Papua New Guinea,,,,,,ChIJr54Ov6_oWWgRehKcjg3l8No,2021-05-25,30,71,-22,11,29,1
PG,Papua New Guinea,,,,,,ChIJr54Ov6_oWWgRehKcjg3l8No,2021-05-26,26,67,-18,10,31,2
PG,Papua New Guinea,,,,,,ChIJr54Ov6_oWWgRehKcjg3l8No,2021-05-27,31,66,-19,16,32,1
PG,Papua New Guinea,,,,,,ChIJr54Ov6_oWWgRehKcjg3l8No,2021-05-28,32,74,-18,12,34,-1
PG,Papua New Guinea,,,,,,ChIJr54Ov6_oWWgRehKcjg3l8No,2021-05-29,27,76,-15,7,13,-2
PG,Papua New Guinea,,,,,,ChIJr54Ov6_oWWgRehKcjg3l8No,2021-05-30,25,80,-17,4,-2,0
PG,Papua New Guinea,,,,,,ChIJr54Ov6_oWWgRehKcjg3l8No,2021-05-31,32,73,-14,10,32,-1
PG,Papua New Guinea,,,,,,ChIJr54Ov6_oWWgRehKcjg3l8No,2021-06-01,33,80,-17,10,35,-2
PG,Papua New Guinea,,,,,,ChIJr54Ov6_oWWgRehKcjg3l8No,2021-06-02,41,95,-17,15,33,0
PG,Papua New Guinea,,,,,,ChIJr54Ov6_oWWgRehKcjg3l8No,2021-06-03,44,88,-16,19,37,0
PG,Papua New Guinea,,,,,,ChIJr54Ov6_oWWgRehKcjg3l8No,2021-06-04,41,89,-15,22,29,-1
PG,Papua New Guinea,,,,,,ChIJr54Ov6_oWWgRehKcjg3l8No,2021-06-05,32,82,-17,18,15,-2
PG,Papua New Guinea,,,,,,ChIJr54Ov6_oWWgRehKcjg3l8No,2021-06-06,33,86,-17,8,-6,0
PG,Papua New Guinea,,,,,,ChIJr54Ov6_oWWgRehKcjg3l8No,2021-06-07,38,77,-12,16,30,-1
PG,Papua New Guinea,,,,,,ChIJr54Ov6_oWWgRehKcjg3l8No,2021-06-08,42,88,-13,13,36,-2
PG,Papua New Guinea,,,,,,ChIJr54Ov6_oWWgRehKcjg3l8No,2021-06-09,39,83,-17,10,36,-2
PG,Papua New Guinea,,,,,,ChIJr54Ov6_oWWgRehKcjg3l8No,2021-06-10,34,71,-18,13,34,-1
PG,Papua New Guinea,,,,,,ChIJr54Ov6_oWWgRehKcjg3l8No,2021-06-11,38,81,-16,15,35,-2
PG,Papua New Guinea,,,,,,ChIJr54Ov6_oWWgRehKcjg3l8No,2021-06-12,29,76,-14,4,10,-1
PG,Papua New Guinea,,,,,,ChIJr54Ov6_oWWgRehKcjg3l8No,2021-06-13,25,74,-13,-2,-9,0
PG,Papua New Guinea,,,,,,ChIJr54Ov6_oWWgRehKcjg3l8No,2021-06-14,1,43,-12,3,-58,10
PG,Papua New Guinea,,,,,,ChIJr54Ov6_oWWgRehKcjg3l8No,2021-06-15,35,78,-18,10,32,-2
PG,Papua New Guinea,,,,,,ChIJr54Ov6_oWWgRehKcjg3l8No,2021-06-16,40,87,-19,5,33,-3
PG,Papua New Guinea,,,,,,ChIJr54Ov6_oWWgRehKcjg3l8No,2021-06-17,40,80,-16,22,34,-4
PG,Papua New Guinea,,,,,,ChIJr54Ov6_oWWgRehKcjg3l8No,2021-06-18,39,84,-16,18,36,-2
PG,Papua New Guinea,,,,,,ChIJr54Ov6_oWWgRehKcjg3l8No,2021-06-19,34,80,-12,8,15,-3
PG,Papua New Guinea,,,,,,ChIJr54Ov6_oWWgRehKcjg3l8No,2021-06-20,27,77,-16,4,-6,-1
PG,Papua New Guinea,,,,,,ChIJr54Ov6_oWWgRehKcjg3l8No,2021-06-21,32,72,-17,15,29,-2
PG,Papua New Guinea,,,,,,ChIJr54Ov6_oWWgRehKcjg3l8No,2021-06-22,34,81,-18,11,29,-5
PG,Papua New Guinea,,,,,,ChIJr54Ov6_oWWgRehKcjg3l8No,2021-06-23,30,68,-16,7,26,-1
PG,Papua New Guinea,,,,,,ChIJr54Ov6_oWWgRehKcjg3l8No,2021-06-24,31,70,-19,22,27,-2
PG,Papua New Guinea,,,,,,ChIJr54Ov6_oWWgRehKcjg3l8No,2021-06-25,31,78,-14,21,28,-5
PG,Papua New Guinea,,,,,,ChIJr54Ov6_oWWgRehKcjg3l8No,2021-06-26,29,80,-15,20,8,-3
PG,Papua New Guinea,,,,,,ChIJr54Ov6_oWWgRehKcjg3l8No,2021-06-27,28,90,-12,14,-7,-2
PG,Papua New Guinea,,,,,,ChIJr54Ov6_oWWgRehKcjg3l8No,2021-06-28,32,76,-13,24,21,-2
PG,Papua New Guinea,,,,,,ChIJr54Ov6_oWWgRehKcjg3l8No,2021-06-29,33,83,-18,24,25,-1
PG,Papua New Guinea,,,,,,ChIJr54Ov6_oWWgRehKcjg3l8No,2021-06-30,39,90,-15,22,24,-1
PG,Papua New Guinea,,,,,,ChIJr54Ov6_oWWgRehKcjg3l8No,2021-07-01,47,95,-16,30,28,-1
PG,Papua New Guinea,,,,,,ChIJr54Ov6_oWWgRehKcjg3l8No,2021-07-02,44,92,-20,24,29,-2
PG,Papua New Guinea,,,,,,ChIJr54Ov6_oWWgRehKcjg3l8No,2021-07-03,37,89,-13,25,11,-3
PG,Papua New Guinea,,,,,,ChIJr54Ov6_oWWgRehKcjg3l8No,2021-07-04,38,93,-17,21,-8,-2
PG,Papua New Guinea,,,,,,ChIJr54Ov6_oWWgRehKcjg3l8No,2021-07-05,43,91,-14,27,30,-2
PG,Papua New Guinea,,,,,,ChIJr54Ov6_oWWgRehKcjg3l8No,2021-07-06,41,99,-15,29,34,-3
PG,Papua New Guinea,,,,,,ChIJr54Ov6_oWWgRehKcjg3l8No,2021-07-07,36,86,-22,24,32,-1
PG,Papua New Guinea,,,,,,ChIJr54Ov6_oWWgRehKcjg3l8No,2021-07-08,40,83,-19,31,31,-2
PG,Papua New Guinea,,,,,,ChIJr54Ov6_oWWgRehKcjg3l8No,2021-07-09,42,92,-16,21,35,-2
PG,Papua New Guinea,,,,,,ChIJr54Ov6_oWWgRehKcjg3l8No,2021-07-10,31,85,-16,18,15,-3
