country_region_code,country_region,sub_region_1,sub_region_2,metro_area,iso_3166_2_code,census_fips_code,place_id,date,retail_and_recreation_percent_change_from_baseline,grocery_and_pharmacy_percent_change_from_baseline,parks_percent_change_from_baseline,transit_stations_percent_change_from_baseline,workplaces_percent_change_from_baseline,residential_percent_change_from_baseline
TH,Thailand,,,,,,ChIJsU1CR_eNTTARAuhXB4gs154,2021-01-01,-20,7,8,-57,-70,14
TH,Thailand,,,,,,ChIJsU1CR_eNTTARAuhXB4gs154,2021-01-02,-23,3,-17,-49,-43,8
TH,Thailand,,,,,,ChIJsU1CR_eNTTARAuhXB4gs154,2021-01-03,-20,6,-23,-43,-17,4
TH,Thailand,,,,,,ChIJsU1CR_eNTTARAuhXB4gs154,2021-01-04,-18,7,-29,-44,-16,7
TH,Thailand,,,,,,ChIJsU1CR_eNTTARAuhXB4gs154,2021-01-05,-20,5,-30,-46,-18,8
TH,Thailand,,,,,,ChIJsU1CR_eNTTARAuhXB4gs154,2021-01-06,-20,3,-31,-48,-17,8
TH,Thailand,,,,,,ChIJsU1CR_eNTTARAuhXB4gs154,2021-01-07,-21,1,-32,-49,-17,8
TH,Thailand,,,,,,ChIJsU1CR_eNTTARAuhXB4gs154,2021-01-08,-22,2,-34,-51,-16,9
TH,Thailand,,,,,,ChIJsU1CR_eNTTARAuhXB4gs154,2021-01-09,-21,1,-41,-52,-3,7
TH,Thailand,,,,,,ChIJsU1CR_eNTTARAuhXB4gs154,2021-01-10,-20,1,-37,-54,-7,8
TH,Thailand,,,,,,ChIJsU1CR_eNTTARAuhXB4gs154,2021-01-11,-17,1,-33,-50,-16,8
TH,Thailand,,,,,,ChIJsU1CR_eNTTARAuhXB4gs154,2021-01-12,-17,1,-32,-50,-18,8
TH,Thailand,,,,,,ChIJsU1CR_eNTTARAuhXB4gs154,2021-01-13,-18,-1,-33,-50,-17,7
TH,Thailand,,,,,,ChIJsU1CR_eNTTARAuhXB4gs154,2021-01-14,-19,-5,-36,-52,-19,7
TH,Thailand,,,,,,ChIJsU1CR_eNTTARAuhXB4gs154,2021-01-15,-22,-5,-39,-54,-20,8
TH,Thailand,,,,,,ChIJsU1CR_eNTTARAuhXB4gs154,2021-01-16,-22,-5,-44,-55,-9,6
TH,Thailand,,,,,,ChIJsU1CR_eNTTARAuhXB4gs154,2021-01-17,-21,-3,-38,-56,-12,6
TH,Thailand,,,,,,ChIJsU1CR_eNTTARAuhXB4gs154,2021-01-18,-17,-3,-35,-51,-18,6
TH,Thailand,,,,,,ChIJsU1CR_eNTTARAuhXB4gs154,2021-01-19,-18,-4,-35,-51,-18,6
TH,Thailand,,,,,,ChIJsU1CR_eNTTARAuhXB4gs154,2021-01-20,-16,-2,-34,-50,-16,6
TH,Thailand,,,,,,ChIJsU1CR_eNTTARAuhXB4gs154,2021-01-21,-18,-4,-35,-51,-16,7
TH,Thailand,,,,,,ChIJsU1CR_eNTTARAuhXB4gs154,2021-01-22,-19,-3,-36,-52,-15,7
TH,Thailand,,,,,,ChIJsU1CR_eNTTARAuhXB4gs154,2021-01-23,-18,-2,-41,-52,-3,5
TH,Thailand,,,,,,ChIJsU1CR_eNTTARAuhXB4gs154,2021-01-24,-16,-1,-33,-53,-8,5
TH,Thailand,,,,,,ChIJsU1CR_eNTTARAuhXB4gs154,2021-01-25,-14,0,-32,-49,-13,5
TH,Thailand,,,,,,ChIJsU1CR_eNTTARAuhXB4gs154,2021-01-26,-14,0,-32,-49,-14,5
TH,Thailand,,,,,,ChIJsU1CR_eNTTARAuhXB4gs154,2021-01-27,-13,1,-32,-49,-12,5
TH,Thailand,,,,,,ChIJsU1CR_eNTTARAuhXB4gs154,2021-01-28,-14,0,-33,-48,-12,5
TH,Thailand,,,,,,ChIJsU1CR_eNTTARAuhXB4gs154,2021-01-29,-13,4,-34,-48,-11,4
TH,Thailand,,,,,,ChIJsU1CR_eNTTARAuhXB4gs154,2021-01-30,-11,6,-37,-47,-2,2
TH,Thailand,,,,,,ChIJsU1CR_eNTTARAuhXB4gs154,2021-01-31,-8,10,-31,-47,-6,1
TH,Thailand,,,,,,ChIJsU1CR_eNTTARAuhXB4gs154,2021-02-01,-9,10,-33,-44,-7,0
TH,Thailand,,,,,,ChIJsU1CR_eNTTARAuhXB4gs154,2021-02-02,-8,9,-31,-44,-9,0
TH,Thailand,,,,,,ChIJsU1CR_eNTTARAuhXB4gs154,2021-02-03,-9,5,-31,-43,-8,1
TH,Thailand,,,,,,ChIJsU1CR_eNTTARAuhXB4gs154,2021-02-04,-11,3,-32,-43,-8,1
TH,Thailand,,,,,,ChIJsU1CR_eNTTARAuhXB4gs154,2021-02-05,-10,7,-32,-43,-8,1
TH,Thailand,,,,,,ChIJsU1CR_eNTTARAuhXB4gs154,2021-02-06,-9,5,-35,-44,0,1
TH,Thailand,,,,,,ChIJsU1CR_eNTTARAuhXB4gs154,2021-02-07,-8,7,-28,-45,-7,1
TH,Thailand,,,,,,ChIJsU1CR_eNTTARAuhXB4gs154,2021-02-08,-10,5,-32,-43,-8,0
TH,Thailand,,,,,,ChIJsU1CR_eNTTARAuhXB4gs154,2021-02-09,-10,6,-33,-42,-10,1
TH,Thailand,,,,,,ChIJsU1CR_eNTTARAuhXB4gs154,2021-02-10,-4,17,-28,-37,-8,-1
TH,Thailand,,,,,,ChIJsU1CR_eNTTARAuhXB4gs154,2021-02-11,-11,4,-27,-40,-12,0
TH,Thailand,,,,,,ChIJsU1CR_eNTTARAuhXB4gs154,2021-02-12,-7,6,-18,-48,-38,6
TH,Thailand,,,,,,ChIJsU1CR_eNTTARAuhXB4gs154,2021-02-13,-9,5,-26,-44,-10,1
TH,Thailand,,,,,,ChIJsU1CR_eNTTARAuhXB4gs154,2021-02-14,-1,10,-18,-38,-8,-2
TH,Thailand,,,,,,ChIJsU1CR_eNTTARAuhXB4gs154,2021-02-15,-7,9,-28,-38,-7,-1
TH,Thailand,,,,,,ChIJsU1CR_eNTTARAuhXB4gs154,2021-02-16,-9,8,-29,-40,-8,0
TH,Thailand,,,,,,ChIJsU1CR_eNTTARAuhXB4gs154,2021-02-17,-8,7,-29,-39,-7,0
TH,Thailand,,,,,,ChIJsU1CR_eNTTARAuhXB4gs154,2021-02-18,-1,17,-25,-35,-5,-3
TH,Thailand,,,,,,ChIJsU1CR_eNTTARAuhXB4gs154,2021-02-19,0,22,-24,-35,-4,-1
TH,Thailand,,,,,,ChIJsU1CR_eNTTARAuhXB4gs154,2021-02-20,1,20,-26,-36,3,-2
TH,Thailand,,,,,,ChIJsU1CR_eNTTARAuhXB4gs154,2021-02-21,3,21,-17,-36,-3,-2
TH,Thailand,,,,,,ChIJsU1CR_eNTTARAuhXB4gs154,2021-02-22,0,18,-24,-35,-4,-2
TH,Thailand,,,,,,ChIJsU1CR_eNTTARAuhXB4gs154,2021-02-23,-1,16,-23,-35,-5,-1
TH,Thailand,,,,,,ChIJsU1CR_eNTTARAuhXB4gs154,2021-02-24,-1,15,-23,-35,-4,-1
TH,Thailand,,,,,,ChIJsU1CR_eNTTARAuhXB4gs154,2021-02-25,10,30,-16,-26,-4,-5
TH,Thailand,,,,,,ChIJsU1CR_eNTTARAuhXB4gs154,2021-02-26,10,32,-2,-39,-43,5
TH,Thailand,,,,,,ChIJsU1CR_eNTTARAuhXB4gs154,2021-02-27,5,23,-14,-35,-6,-2
TH,Thailand,,,,,,ChIJsU1CR_eNTTARAuhXB4gs154,2021-02-28,7,26,-9,-29,-3,-4
TH,Thailand,,,,,,ChIJsU1CR_eNTTARAuhXB4gs154,2021-03-01,3,23,-22,-30,-3,-3
TH,Thailand,,,,,,ChIJsU1CR_eNTTARAuhXB4gs154,2021-03-02,3,21,-22,-31,-4,-2
TH,Thailand,,,,,,ChIJsU1CR_eNTTARAuhXB4gs154,2021-03-03,1,15,-25,-32,-4,-1
TH,Thailand,,,,,,ChIJsU1CR_eNTTARAuhXB4gs154,2021-03-04,6,23,-20,-28,-3,-3
TH,Thailand,,,,,,ChIJsU1CR_eNTTARAuhXB4gs154,2021-03-05,4,23,-21,-29,-4,-2
TH,Thailand,,,,,,ChIJsU1CR_eNTTARAuhXB4gs154,2021-03-06,6,22,-21,-29,3,-3
TH,Thailand,,,,,,ChIJsU1CR_eNTTARAuhXB4gs154,2021-03-07,6,21,-12,-30,-2,-3
TH,Thailand,,,,,,ChIJsU1CR_eNTTARAuhXB4gs154,2021-03-08,1,16,-22,-31,-3,-2
TH,Thailand,,,,,,ChIJsU1CR_eNTTARAuhXB4gs154,2021-03-09,0,15,-21,-31,-4,-2
TH,Thailand,,,,,,ChIJsU1CR_eNTTARAuhXB4gs154,2021-03-10,1,14,-22,-31,-3,-2
TH,Thailand,,,,,,ChIJsU1CR_eNTTARAuhXB4gs154,2021-03-11,5,21,-19,-28,-2,-3
TH,Thailand,,,,,,ChIJsU1CR_eNTTARAuhXB4gs154,2021-03-12,3,21,-20,-30,-2,-2
TH,Thailand,,,,,,ChIJsU1CR_eNTTARAuhXB4gs154,2021-03-13,4,19,-21,-30,3,-2
TH,Thailand,,,,,,ChIJsU1CR_eNTTARAuhXB4gs154,2021-03-14,4,19,-12,-31,0,-3
TH,Thailand,,,,,,ChIJsU1CR_eNTTARAuhXB4gs154,2021-03-15,2,18,-20,-30,-2,-2
TH,Thailand,,,,,,ChIJsU1CR_eNTTARAuhXB4gs154,2021-03-16,0,16,-21,-31,-4,-2
TH,Thailand,,,,,,ChIJsU1CR_eNTTARAuhXB4gs154,2021-03-17,1,15,-21,-31,-3,-1
TH,Thailand,,,,,,ChIJsU1CR_eNTTARAuhXB4gs154,2021-03-18,6,21,-19,-28,-2,-3
TH,Thailand,,,,,,ChIJsU1CR_eNTTARAuhXB4gs154,2021-03-19,3,21,-19,-29,-2,-2
TH,Thailand,,,,,,ChIJsU1CR_eNTTARAuhXB4gs154,2021-03-20,5,20,-20,-29,4,-3
TH,Thailand,,,,,,ChIJsU1CR_eNTTARAuhXB4gs154,2021-03-21,4,20,-12,-29,0,-3
TH,Thailand,,,,,,ChIJsU1CR_eNTTARAuhXB4gs154,2021-03-22,4,22,-21,-29,-3,-2
TH,Thailand,,,,,,ChIJsU1CR_eNTTARAuhXB4gs154,2021-03-23,5,22,-19,-28,-3,-2
TH,Thailand,,,,,,ChIJsU1CR_eNTTARAuhXB4gs154,2021-03-24,5,18,-21,-27,-2,-2
TH,Thailand,,,,,,ChIJsU1CR_eNTTARAuhXB4gs154,2021-03-25,12,27,-16,-23,-1,-4
TH,Thailand,,,,,,ChIJsU1CR_eNTTARAuhXB4gs154,2021-03-26,9,27,-16,-25,-5,-2
TH,Thailand,,,,,,ChIJsU1CR_eNTTARAuhXB4gs154,2021-03-27,9,26,-19,-23,6,-4
TH,Thailand,,,,,,ChIJsU1CR_eNTTARAuhXB4gs154,2021-03-28,12,29,-9,-23,1,-5
TH,Thailand,,,,,,ChIJsU1CR_eNTTARAuhXB4gs154,2021-03-29,11,28,-17,-25,-5,-3
TH,Thailand,,,,,,ChIJsU1CR_eNTTARAuhXB4gs154,2021-03-30,9,25,-18,-25,-5,-2
TH,Thailand,,,,,,ChIJsU1CR_eNTTARAuhXB4gs154,2021-03-31,13,28,-17,-23,-4,-3
TH,Thailand,,,,,,ChIJsU1CR_eNTTARAuhXB4gs154,2021-04-01,8,22,-19,-22,-5,-2
TH,Thailand,,,,,,ChIJsU1CR_eNTTARAuhXB4gs154,2021-04-02,6,22,-18,-24,-6,-2
TH,Thailand,,,,,,ChIJsU1CR_eNTTARAuhXB4gs154,2021-04-03,5,19,-21,-24,4,-3
TH,Thailand,,,,,,ChIJsU1CR_eNTTARAuhXB4gs154,2021-04-04,1,17,-19,-26,-2,-2
TH,Thailand,,,,,,ChIJsU1CR_eNTTARAuhXB4gs154,2021-04-05,8,24,-16,-25,-10,-2
TH,Thailand,,,,,,ChIJsU1CR_eNTTARAuhXB4gs154,2021-04-06,5,19,-19,-36,-34,5
TH,Thailand,,,,,,ChIJsU1CR_eNTTARAuhXB4gs154,2021-04-07,2,18,-20,-26,-11,-1
TH,Thailand,,,,,,ChIJsU1CR_eNTTARAuhXB4gs154,2021-04-08,0,17,-20,-28,-12,0
TH,Thailand,,,,,,ChIJsU1CR_eNTTARAuhXB4gs154,2021-04-09,-3,19,-23,-32,-13,1
TH,Thailand,,,,,,ChIJsU1CR_eNTTARAuhXB4gs154,2021-04-10,-7,17,-28,-33,-5,-1
TH,Thailand,,,,,,ChIJsU1CR_eNTTARAuhXB4gs154,2021-04-11,-12,14,-16,-38,-12,0
TH,Thailand,,,,,,ChIJsU1CR_eNTTARAuhXB4gs154,2021-04-12,-4,26,-1,-45,-54,7
TH,Thailand,,,,,,ChIJsU1CR_eNTTARAuhXB4gs154,2021-04-13,-13,19,2,-54,-68,11
TH,Thailand,,,,,,ChIJsU1CR_eNTTARAuhXB4gs154,2021-04-14,-17,12,-3,-56,-68,12
TH,Thailand,,,,,,ChIJsU1CR_eNTTARAuhXB4gs154,2021-04-15,-17,10,-13,-54,-64,11
TH,Thailand,,,,,,ChIJsU1CR_eNTTARAuhXB4gs154,2021-04-16,-19,10,-32,-51,-38,10
TH,Thailand,,,,,,ChIJsU1CR_eNTTARAuhXB4gs154,2021-04-17,-20,7,-42,-48,-15,6
TH,Thailand,,,,,,ChIJsU1CR_eNTTARAuhXB4gs154,2021-04-18,-21,5,-41,-49,-11,6
TH,Thailand,,,,,,ChIJsU1CR_eNTTARAuhXB4gs154,2021-04-19,-14,10,-37,-47,-21,6
TH,Thailand,,,,,,ChIJsU1CR_eNTTARAuhXB4gs154,2021-04-20,-15,10,-35,-47,-24,6
TH,Thailand,,,,,,ChIJsU1CR_eNTTARAuhXB4gs154,2021-04-21,-16,6,-37,-49,-23,7
TH,Thailand,,,,,,ChIJsU1CR_eNTTARAuhXB4gs154,2021-04-22,-18,3,-38,-50,-22,7
TH,Thailand,,,,,,ChIJsU1CR_eNTTARAuhXB4gs154,2021-04-23,-22,3,-43,-53,-21,9
TH,Thailand,,,,,,ChIJsU1CR_eNTTARAuhXB4gs154,2021-04-24,-25,1,-50,-54,-3,7
TH,Thailand,,,,,,ChIJsU1CR_eNTTARAuhXB4gs154,2021-04-25,-26,2,-46,-56,-9,7
TH,Thailand,,,,,,ChIJsU1CR_eNTTARAuhXB4gs154,2021-04-26,-22,3,-43,-53,-23,8
TH,Thailand,,,,,,ChIJsU1CR_eNTTARAuhXB4gs154,2021-04-27,-25,0,-45,-55,-26,10
TH,Thailand,,,,,,ChIJsU1CR_eNTTARAuhXB4gs154,2021-04-28,-23,2,-45,-54,-25,9
TH,Thailand,,,,,,ChIJsU1CR_eNTTARAuhXB4gs154,2021-04-29,-25,-1,-47,-54,-25,10
TH,Thailand,,,,,,ChIJsU1CR_eNTTARAuhXB4gs154,2021-04-30,-23,8,-46,-54,-23,10
TH,Thailand,,,,,,ChIJsU1CR_eNTTARAuhXB4gs154,2021-05-01,-30,5,-53,-59,-37,13
TH,Thailand,,,,,,ChIJsU1CR_eNTTARAuhXB4gs154,2021-05-02,-31,2,-50,-59,-15,10
TH,Thailand,,,,,,ChIJsU1CR_eNTTARAuhXB4gs154,2021-05-03,-22,9,-42,-59,-36,12
TH,Thailand,,,,,,ChIJsU1CR_eNTTARAuhXB4gs154,2021-05-04,-26,3,-45,-62,-42,14
TH,Thailand,,,,,,ChIJsU1CR_eNTTARAuhXB4gs154,2021-05-05,-25,5,-43,-54,-25,9
TH,Thailand,,,,,,ChIJsU1CR_eNTTARAuhXB4gs154,2021-05-06,-28,-1,-46,-56,-26,11
TH,Thailand,,,,,,ChIJsU1CR_eNTTARAuhXB4gs154,2021-05-07,-29,2,-48,-58,-24,11
TH,Thailand,,,,,,ChIJsU1CR_eNTTARAuhXB4gs154,2021-05-08,-32,-2,-55,-59,-5,9
TH,Thailand,,,,,,ChIJsU1CR_eNTTARAuhXB4gs154,2021-05-09,-31,1,-48,-60,-12,9
TH,Thailand,,,,,,ChIJsU1CR_eNTTARAuhXB4gs154,2021-05-10,-25,4,-43,-58,-33,11
TH,Thailand,,,,,,ChIJsU1CR_eNTTARAuhXB4gs154,2021-05-11,-25,5,-43,-55,-25,9
TH,Thailand,,,,,,ChIJsU1CR_eNTTARAuhXB4gs154,2021-05-12,-25,3,-43,-55,-25,9
TH,Thailand,,,,,,ChIJsU1CR_eNTTARAuhXB4gs154,2021-05-13,-27,1,-43,-56,-26,10
TH,Thailand,,,,,,ChIJsU1CR_eNTTARAuhXB4gs154,2021-05-14,-28,3,-46,-57,-24,11
TH,Thailand,,,,,,ChIJsU1CR_eNTTARAuhXB4gs154,2021-05-15,-29,2,-52,-57,-7,8
TH,Thailand,,,,,,ChIJsU1CR_eNTTARAuhXB4gs154,2021-05-16,-29,4,-47,-59,-11,8
TH,Thailand,,,,,,ChIJsU1CR_eNTTARAuhXB4gs154,2021-05-17,-20,8,-41,-54,-22,8
TH,Thailand,,,,,,ChIJsU1CR_eNTTARAuhXB4gs154,2021-05-18,-22,6,-42,-55,-23,8
TH,Thailand,,,,,,ChIJsU1CR_eNTTARAuhXB4gs154,2021-05-19,-23,1,-43,-55,-23,8
TH,Thailand,,,,,,ChIJsU1CR_eNTTARAuhXB4gs154,2021-05-20,-15,17,-37,-54,-21,6
TH,Thailand,,,,,,ChIJsU1CR_eNTTARAuhXB4gs154,2021-05-21,-17,17,-41,-54,-19,8
TH,Thailand,,,,,,ChIJsU1CR_eNTTARAuhXB4gs154,2021-05-22,-19,13,-48,-54,-1,5
TH,Thailand,,,,,,ChIJsU1CR_eNTTARAuhXB4gs154,2021-05-23,-19,12,-42,-57,-6,6
TH,Thailand,,,,,,ChIJsU1CR_eNTTARAuhXB4gs154,2021-05-24,-11,19,-37,-51,-18,5
TH,Thailand,,,,,,ChIJsU1CR_eNTTARAuhXB4gs154,2021-05-25,-10,21,-38,-49,-19,6
TH,Thailand,,,,,,ChIJsU1CR_eNTTARAuhXB4gs154,2021-05-26,-10,19,-36,-58,-46,13
TH,Thailand,,,,,,ChIJsU1CR_eNTTARAuhXB4gs154,2021-05-27,-8,23,-37,-48,-16,5
TH,Thailand,,,,,,ChIJsU1CR_eNTTARAuhXB4gs154,2021-05-28,-10,26,-38,-50,-14,6
TH,Thailand,,,,,,ChIJsU1CR_eNTTARAuhXB4gs154,2021-05-29,-10,22,-43,-50,6,3
TH,Thailand,,,,,,ChIJsU1CR_eNTTARAuhXB4gs154,2021-05-30,-9,23,-35,-51,-1,3
TH,Thailand,,,,,,ChIJsU1CR_eNTTARAuhXB4gs154,2021-05-31,0,33,-30,-45,-13,3
TH,Thailand,,,,,,ChIJsU1CR_eNTTARAuhXB4gs154,2021-06-01,-3,30,-31,-46,-15,4
TH,Thailand,,,,,,ChIJsU1CR_eNTTARAuhXB4gs154,2021-06-02,-3,28,-31,-46,-15,4
TH,Thailand,,,,,,ChIJsU1CR_eNTTARAuhXB4gs154,2021-06-03,0,28,-28,-54,-47,11
TH,Thailand,,,,,,ChIJsU1CR_eNTTARAuhXB4gs154,2021-06-04,-11,20,-36,-50,-15,7
TH,Thailand,,,,,,ChIJsU1CR_eNTTARAuhXB4gs154,2021-06-05,-11,18,-42,-49,4,4
TH,Thailand,,,,,,ChIJsU1CR_eNTTARAuhXB4gs154,2021-06-06,-10,19,-35,-51,-3,3
TH,Thailand,,,,,,ChIJsU1CR_eNTTARAuhXB4gs154,2021-06-07,-8,19,-33,-47,-14,4
TH,Thailand,,,,,,ChIJsU1CR_eNTTARAuhXB4gs154,2021-06-08,-10,17,-34,-48,-16,5
TH,Thailand,,,,,,ChIJsU1CR_eNTTARAuhXB4gs154,2021-06-09,-10,15,-35,-49,-16,5
TH,Thailand,,,,,,ChIJsU1CR_eNTTARAuhXB4gs154,2021-06-10,-10,17,-35,-48,-15,5
TH,Thailand,,,,,,ChIJsU1CR_eNTTARAuhXB4gs154,2021-06-11,-13,16,-37,-50,-14,6
TH,Thailand,,,,,,ChIJsU1CR_eNTTARAuhXB4gs154,2021-06-12,-14,13,-43,-50,2,4
TH,Thailand,,,,,,ChIJsU1CR_eNTTARAuhXB4gs154,2021-06-13,-14,12,-38,-52,-4,4
TH,Thailand,,,,,,ChIJsU1CR_eNTTARAuhXB4gs154,2021-06-14,-11,14,-35,-48,-15,4
TH,Thailand,,,,,,ChIJsU1CR_eNTTARAuhXB4gs154,2021-06-15,-10,16,-33,-48,-15,4
TH,Thailand,,,,,,ChIJsU1CR_eNTTARAuhXB4gs154,2021-06-16,-11,14,-35,-49,-16,4
TH,Thailand,,,,,,ChIJsU1CR_eNTTARAuhXB4gs154,2021-06-17,-11,13,-34,-49,-16,4
TH,Thailand,,,,,,ChIJsU1CR_eNTTARAuhXB4gs154,2021-06-18,-14,12,-36,-51,-15,5
TH,Thailand,,,,,,ChIJsU1CR_eNTTARAuhXB4gs154,2021-06-19,-14,10,-41,-51,0,2
TH,Thailand,,,,,,ChIJsU1CR_eNTTARAuhXB4gs154,2021-06-20,-13,10,-34,-52,-7,3
TH,Thailand,,,,,,ChIJsU1CR_eNTTARAuhXB4gs154,2021-06-21,-12,11,-33,-49,-17,3
TH,Thailand,,,,,,ChIJsU1CR_eNTTARAuhXB4gs154,2021-06-22,-13,10,-34,-50,-18,3
TH,Thailand,,,,,,ChIJsU1CR_eNTTARAuhXB4gs154,2021-06-23,-13,8,-35,-50,-18,4
TH,Thailand,,,,,,ChIJsU1CR_eNTTARAuhXB4gs154,2021-06-24,-14,7,-35,-49,-17,4
TH,Thailand,,,,,,ChIJsU1CR_eNTTARAuhXB4gs154,2021-06-25,-14,11,-37,-50,-16,5
TH,Thailand,,,,,,ChIJsU1CR_eNTTARAuhXB4gs154,2021-06-26,-14,9,-42,-50,-2,3
TH,Thailand,,,,,,ChIJsU1CR_eNTTARAuhXB4gs154,2021-06-27,-14,9,-36,-52,-7,3
TH,Thailand,,,,,,ChIJsU1CR_eNTTARAuhXB4gs154,2021-06-28,-18,6,-38,-52,-17,5
TH,Thailand,,,,,,ChIJsU1CR_eNTTARAuhXB4gs154,2021-06-29,-18,6,-38,-53,-19,5
TH,Thailand,,,,,,ChIJsU1CR_eNTTARAuhXB4gs154,2021-06-30,-15,13,-38,-51,-19,4
TH,Thailand,,,,,,ChIJsU1CR_eNTTARAuhXB4gs154,2021-07-01,-9,23,-35,-48,-16,4
TH,Thailand,,,,,,ChIJsU1CR_eNTTARAuhXB4gs154,2021-07-02,-11,26,-36,-50,-15,5
TH,Thailand,,,,,,ChIJsU1CR_eNTTARAuhXB4gs154,2021-07-03,-11,25,-42,-50,1,3
TH,Thailand,,,,,,ChIJsU1CR_eNTTARAuhXB4gs154,2021-07-04,-10,25,-35,-52,-5,4
TH,Thailand,,,,,,ChIJsU1CR_eNTTARAuhXB4gs154,2021-07-05,-8,25,-32,-48,-15,4
TH,Thailand,,,,,,ChIJsU1CR_eNTTARAuhXB4gs154,2021-07-06,-12,20,-36,-51,-17,6
TH,Thailand,,,,,,ChIJsU1CR_eNTTARAuhXB4gs154,2021-07-07,-10,21,-35,-50,-17,6
TH,Thailand,,,,,,ChIJsU1CR_eNTTARAuhXB4gs154,2021-07-08,-13,20,-37,-51,-16,6
TH,Thailand,,,,,,ChIJsU1CR_eNTTARAuhXB4gs154,2021-07-09,-18,20,-42,-53,-16,8
TH,Thailand,,,,,,ChIJsU1CR_eNTTARAuhXB4gs154,2021-07-10,-21,17,-50,-55,-1,7
