country_region_code,country_region,sub_region_1,sub_region_2,metro_area,iso_3166_2_code,census_fips_code,place_id,date,retail_and_recreation_percent_change_from_baseline,grocery_and_pharmacy_percent_change_from_baseline,parks_percent_change_from_baseline,transit_stations_percent_change_from_baseline,workplaces_percent_change_from_baseline,residential_percent_change_from_baseline
BJ,Benin,,,,,,ChIJlVZ6BCtUIxAR9S5iy_h3suw,2021-01-01,-23,19,27,-36,-68,17
BJ,Benin,,,,,,ChIJlVZ6BCtUIxAR9S5iy_h3suw,2021-01-02,-19,36,25,-24,-35,11
BJ,Benin,,,,,,ChIJlVZ6BCtUIxAR9S5iy_h3suw,2021-01-03,-9,53,32,-11,-16,4
BJ,Benin,,,,,,ChIJlVZ6BCtUIxAR9S5iy_h3suw,2021-01-04,-9,49,35,-6,-11,7
BJ,Benin,,,,,,ChIJlVZ6BCtUIxAR9S5iy_h3suw,2021-01-05,-8,50,27,-7,-8,6
BJ,Benin,,,,,,ChIJlVZ6BCtUIxAR9S5iy_h3suw,2021-01-06,-5,54,20,-4,-4,7
BJ,Benin,,,,,,ChIJlVZ6BCtUIxAR9S5iy_h3suw,2021-01-07,-7,55,18,1,-5,6
BJ,Benin,,,,,,ChIJlVZ6BCtUIxAR9S5iy_h3suw,2021-01-08,-7,55,28,0,-3,4
BJ,Benin,,,,,,ChIJlVZ6BCtUIxAR9S5iy_h3suw,2021-01-09,-7,55,21,-10,-6,3
BJ,Benin,,,,,,ChIJlVZ6BCtUIxAR9S5iy_h3suw,2021-01-10,-4,49,25,-8,-10,3
BJ,Benin,,,,,,ChIJlVZ6BCtUIxAR9S5iy_h3suw,2021-01-11,-1,55,33,4,-3,3
BJ,Benin,,,,,,ChIJlVZ6BCtUIxAR9S5iy_h3suw,2021-01-12,-2,50,20,-4,-3,3
BJ,Benin,,,,,,ChIJlVZ6BCtUIxAR9S5iy_h3suw,2021-01-13,-5,46,18,-5,-4,2
BJ,Benin,,,,,,ChIJlVZ6BCtUIxAR9S5iy_h3suw,2021-01-14,-11,37,8,-10,-11,3
BJ,Benin,,,,,,ChIJlVZ6BCtUIxAR9S5iy_h3suw,2021-01-15,-16,35,12,-11,-13,3
BJ,Benin,,,,,,ChIJlVZ6BCtUIxAR9S5iy_h3suw,2021-01-16,-17,35,3,-19,-16,3
BJ,Benin,,,,,,ChIJlVZ6BCtUIxAR9S5iy_h3suw,2021-01-17,-14,31,6,-19,-20,4
BJ,Benin,,,,,,ChIJlVZ6BCtUIxAR9S5iy_h3suw,2021-01-18,-13,33,13,-7,-14,6
BJ,Benin,,,,,,ChIJlVZ6BCtUIxAR9S5iy_h3suw,2021-01-19,-12,30,9,-16,-13,5
BJ,Benin,,,,,,ChIJlVZ6BCtUIxAR9S5iy_h3suw,2021-01-20,-10,35,20,-12,-10,5
BJ,Benin,,,,,,ChIJlVZ6BCtUIxAR9S5iy_h3suw,2021-01-21,-11,37,21,-13,-12,5
BJ,Benin,,,,,,ChIJlVZ6BCtUIxAR9S5iy_h3suw,2021-01-22,-11,39,27,-10,-10,4
BJ,Benin,,,,,,ChIJlVZ6BCtUIxAR9S5iy_h3suw,2021-01-23,-13,44,28,-9,-12,4
BJ,Benin,,,,,,ChIJlVZ6BCtUIxAR9S5iy_h3suw,2021-01-24,-9,38,19,-6,-18,4
BJ,Benin,,,,,,ChIJlVZ6BCtUIxAR9S5iy_h3suw,2021-01-25,-9,44,33,-5,-11,4
BJ,Benin,,,,,,ChIJlVZ6BCtUIxAR9S5iy_h3suw,2021-01-26,-9,40,21,-15,-10,4
BJ,Benin,,,,,,ChIJlVZ6BCtUIxAR9S5iy_h3suw,2021-01-27,-10,43,27,-12,-8,5
BJ,Benin,,,,,,ChIJlVZ6BCtUIxAR9S5iy_h3suw,2021-01-28,-11,44,21,-12,-10,3
BJ,Benin,,,,,,ChIJlVZ6BCtUIxAR9S5iy_h3suw,2021-01-29,-12,47,16,-7,-11,1
BJ,Benin,,,,,,ChIJlVZ6BCtUIxAR9S5iy_h3suw,2021-01-30,-13,54,14,-6,-15,-1
BJ,Benin,,,,,,ChIJlVZ6BCtUIxAR9S5iy_h3suw,2021-01-31,-13,53,8,-7,-22,-1
BJ,Benin,,,,,,ChIJlVZ6BCtUIxAR9S5iy_h3suw,2021-02-01,-12,51,5,-6,-13,0
BJ,Benin,,,,,,ChIJlVZ6BCtUIxAR9S5iy_h3suw,2021-02-02,-11,52,8,-9,-10,0
BJ,Benin,,,,,,ChIJlVZ6BCtUIxAR9S5iy_h3suw,2021-02-03,-12,51,10,-13,-12,2
BJ,Benin,,,,,,ChIJlVZ6BCtUIxAR9S5iy_h3suw,2021-02-04,-13,52,4,-12,-15,1
BJ,Benin,,,,,,ChIJlVZ6BCtUIxAR9S5iy_h3suw,2021-02-05,-16,56,12,-11,-14,0
BJ,Benin,,,,,,ChIJlVZ6BCtUIxAR9S5iy_h3suw,2021-02-06,-16,53,13,-14,-19,1
BJ,Benin,,,,,,ChIJlVZ6BCtUIxAR9S5iy_h3suw,2021-02-07,-19,49,11,-16,-26,2
BJ,Benin,,,,,,ChIJlVZ6BCtUIxAR9S5iy_h3suw,2021-02-08,-14,57,15,-6,-17,0
BJ,Benin,,,,,,ChIJlVZ6BCtUIxAR9S5iy_h3suw,2021-02-09,-12,55,8,-18,-14,-1
BJ,Benin,,,,,,ChIJlVZ6BCtUIxAR9S5iy_h3suw,2021-02-10,-10,57,14,-9,-12,1
BJ,Benin,,,,,,ChIJlVZ6BCtUIxAR9S5iy_h3suw,2021-02-11,-12,50,6,-11,-14,1
BJ,Benin,,,,,,ChIJlVZ6BCtUIxAR9S5iy_h3suw,2021-02-12,-16,47,2,-9,-13,0
BJ,Benin,,,,,,ChIJlVZ6BCtUIxAR9S5iy_h3suw,2021-02-13,-13,46,2,-13,-19,-1
BJ,Benin,,,,,,ChIJlVZ6BCtUIxAR9S5iy_h3suw,2021-02-14,-8,44,-1,-8,-26,0
BJ,Benin,,,,,,ChIJlVZ6BCtUIxAR9S5iy_h3suw,2021-02-15,-14,45,-2,-5,-15,1
BJ,Benin,,,,,,ChIJlVZ6BCtUIxAR9S5iy_h3suw,2021-02-16,-14,44,-3,-16,-14,0
BJ,Benin,,,,,,ChIJlVZ6BCtUIxAR9S5iy_h3suw,2021-02-17,-12,44,1,-11,-12,0
BJ,Benin,,,,,,ChIJlVZ6BCtUIxAR9S5iy_h3suw,2021-02-18,-13,45,-2,-12,-13,0
BJ,Benin,,,,,,ChIJlVZ6BCtUIxAR9S5iy_h3suw,2021-02-19,-15,49,4,-9,-13,-1
BJ,Benin,,,,,,ChIJlVZ6BCtUIxAR9S5iy_h3suw,2021-02-20,-13,52,8,-8,-19,-1
BJ,Benin,,,,,,ChIJlVZ6BCtUIxAR9S5iy_h3suw,2021-02-21,-12,44,1,-4,-26,0
BJ,Benin,,,,,,ChIJlVZ6BCtUIxAR9S5iy_h3suw,2021-02-22,-10,55,-1,0,-17,2
BJ,Benin,,,,,,ChIJlVZ6BCtUIxAR9S5iy_h3suw,2021-02-23,-8,50,-1,-7,-15,1
BJ,Benin,,,,,,ChIJlVZ6BCtUIxAR9S5iy_h3suw,2021-02-24,-10,50,5,-7,-14,3
BJ,Benin,,,,,,ChIJlVZ6BCtUIxAR9S5iy_h3suw,2021-02-25,-11,50,4,-2,-18,3
BJ,Benin,,,,,,ChIJlVZ6BCtUIxAR9S5iy_h3suw,2021-02-26,-12,53,2,-2,-15,0
BJ,Benin,,,,,,ChIJlVZ6BCtUIxAR9S5iy_h3suw,2021-02-27,-10,53,11,-7,-16,-1
BJ,Benin,,,,,,ChIJlVZ6BCtUIxAR9S5iy_h3suw,2021-02-28,-10,51,5,-4,-25,-1
BJ,Benin,,,,,,ChIJlVZ6BCtUIxAR9S5iy_h3suw,2021-03-01,-9,56,7,4,-11,-1
BJ,Benin,,,,,,ChIJlVZ6BCtUIxAR9S5iy_h3suw,2021-03-02,-9,50,-3,-9,-10,0
BJ,Benin,,,,,,ChIJlVZ6BCtUIxAR9S5iy_h3suw,2021-03-03,-10,50,8,-8,-10,1
BJ,Benin,,,,,,ChIJlVZ6BCtUIxAR9S5iy_h3suw,2021-03-04,-11,51,5,-8,-11,1
BJ,Benin,,,,,,ChIJlVZ6BCtUIxAR9S5iy_h3suw,2021-03-05,-12,51,11,-3,-10,0
BJ,Benin,,,,,,ChIJlVZ6BCtUIxAR9S5iy_h3suw,2021-03-06,-11,53,11,-10,-15,-1
BJ,Benin,,,,,,ChIJlVZ6BCtUIxAR9S5iy_h3suw,2021-03-07,-11,48,3,-8,-24,0
BJ,Benin,,,,,,ChIJlVZ6BCtUIxAR9S5iy_h3suw,2021-03-08,-9,53,7,0,-11,0
BJ,Benin,,,,,,ChIJlVZ6BCtUIxAR9S5iy_h3suw,2021-03-09,-9,50,1,-6,-9,0
BJ,Benin,,,,,,ChIJlVZ6BCtUIxAR9S5iy_h3suw,2021-03-10,-7,51,3,-9,-8,1
BJ,Benin,,,,,,ChIJlVZ6BCtUIxAR9S5iy_h3suw,2021-03-11,-13,45,-2,-11,-11,0
BJ,Benin,,,,,,ChIJlVZ6BCtUIxAR9S5iy_h3suw,2021-03-12,-12,52,6,-4,-9,-2
BJ,Benin,,,,,,ChIJlVZ6BCtUIxAR9S5iy_h3suw,2021-03-13,-11,52,13,-12,-14,-1
BJ,Benin,,,,,,ChIJlVZ6BCtUIxAR9S5iy_h3suw,2021-03-14,-13,43,0,-15,-25,1
BJ,Benin,,,,,,ChIJlVZ6BCtUIxAR9S5iy_h3suw,2021-03-15,-9,55,4,0,-9,0
BJ,Benin,,,,,,ChIJlVZ6BCtUIxAR9S5iy_h3suw,2021-03-16,-8,51,1,-6,-7,-1
BJ,Benin,,,,,,ChIJlVZ6BCtUIxAR9S5iy_h3suw,2021-03-17,-10,51,1,-4,-7,1
BJ,Benin,,,,,,ChIJlVZ6BCtUIxAR9S5iy_h3suw,2021-03-18,-12,53,1,-4,-7,1
BJ,Benin,,,,,,ChIJlVZ6BCtUIxAR9S5iy_h3suw,2021-03-19,-11,56,9,-2,-7,-1
BJ,Benin,,,,,,ChIJlVZ6BCtUIxAR9S5iy_h3suw,2021-03-20,-7,58,14,-3,-10,-2
BJ,Benin,,,,,,ChIJlVZ6BCtUIxAR9S5iy_h3suw,2021-03-21,-8,52,9,-2,-21,0
BJ,Benin,,,,,,ChIJlVZ6BCtUIxAR9S5iy_h3suw,2021-03-22,-11,55,5,2,-8,0
BJ,Benin,,,,,,ChIJlVZ6BCtUIxAR9S5iy_h3suw,2021-03-23,-14,47,2,-13,-7,1
BJ,Benin,,,,,,ChIJlVZ6BCtUIxAR9S5iy_h3suw,2021-03-24,-7,56,13,-4,-5,1
BJ,Benin,,,,,,ChIJlVZ6BCtUIxAR9S5iy_h3suw,2021-03-25,-6,57,8,-3,-5,0
BJ,Benin,,,,,,ChIJlVZ6BCtUIxAR9S5iy_h3suw,2021-03-26,-6,60,16,4,-5,-1
BJ,Benin,,,,,,ChIJlVZ6BCtUIxAR9S5iy_h3suw,2021-03-27,-4,60,25,-6,-10,-2
BJ,Benin,,,,,,ChIJlVZ6BCtUIxAR9S5iy_h3suw,2021-03-28,-3,56,16,1,-21,-1
BJ,Benin,,,,,,ChIJlVZ6BCtUIxAR9S5iy_h3suw,2021-03-29,-6,58,10,3,-8,-1
BJ,Benin,,,,,,ChIJlVZ6BCtUIxAR9S5iy_h3suw,2021-03-30,-6,56,13,-6,-6,-1
BJ,Benin,,,,,,ChIJlVZ6BCtUIxAR9S5iy_h3suw,2021-03-31,-3,56,16,0,-7,0
BJ,Benin,,,,,,ChIJlVZ6BCtUIxAR9S5iy_h3suw,2021-04-01,-4,62,11,0,-11,1
BJ,Benin,,,,,,ChIJlVZ6BCtUIxAR9S5iy_h3suw,2021-04-02,-6,62,15,2,-12,0
BJ,Benin,,,,,,ChIJlVZ6BCtUIxAR9S5iy_h3suw,2021-04-03,-5,66,21,1,-15,-2
BJ,Benin,,,,,,ChIJlVZ6BCtUIxAR9S5iy_h3suw,2021-04-04,-1,57,23,3,-21,-3
BJ,Benin,,,,,,ChIJlVZ6BCtUIxAR9S5iy_h3suw,2021-04-05,-13,40,19,-8,-58,9
BJ,Benin,,,,,,ChIJlVZ6BCtUIxAR9S5iy_h3suw,2021-04-06,-8,53,9,-5,-11,1
BJ,Benin,,,,,,ChIJlVZ6BCtUIxAR9S5iy_h3suw,2021-04-07,-6,56,16,-3,-12,3
BJ,Benin,,,,,,ChIJlVZ6BCtUIxAR9S5iy_h3suw,2021-04-08,-6,57,9,-5,-13,3
BJ,Benin,,,,,,ChIJlVZ6BCtUIxAR9S5iy_h3suw,2021-04-09,-8,58,14,-3,-13,3
BJ,Benin,,,,,,ChIJlVZ6BCtUIxAR9S5iy_h3suw,2021-04-10,-11,62,10,-2,-9,1
BJ,Benin,,,,,,ChIJlVZ6BCtUIxAR9S5iy_h3suw,2021-04-11,-16,43,1,-12,-22,5
BJ,Benin,,,,,,ChIJlVZ6BCtUIxAR9S5iy_h3suw,2021-04-12,-6,65,14,3,-7,1
BJ,Benin,,,,,,ChIJlVZ6BCtUIxAR9S5iy_h3suw,2021-04-13,-7,58,5,-6,-4,0
BJ,Benin,,,,,,ChIJlVZ6BCtUIxAR9S5iy_h3suw,2021-04-14,-6,57,12,-3,-4,0
BJ,Benin,,,,,,ChIJlVZ6BCtUIxAR9S5iy_h3suw,2021-04-15,-7,54,6,-4,-3,1
BJ,Benin,,,,,,ChIJlVZ6BCtUIxAR9S5iy_h3suw,2021-04-16,-11,58,8,-2,0,1
BJ,Benin,,,,,,ChIJlVZ6BCtUIxAR9S5iy_h3suw,2021-04-17,-7,62,11,-5,-7,2
BJ,Benin,,,,,,ChIJlVZ6BCtUIxAR9S5iy_h3suw,2021-04-18,-21,35,-6,-15,-23,7
BJ,Benin,,,,,,ChIJlVZ6BCtUIxAR9S5iy_h3suw,2021-04-19,-7,62,11,3,-4,2
BJ,Benin,,,,,,ChIJlVZ6BCtUIxAR9S5iy_h3suw,2021-04-20,-6,58,5,-8,-2,2
BJ,Benin,,,,,,ChIJlVZ6BCtUIxAR9S5iy_h3suw,2021-04-21,-6,58,12,-3,-2,1
BJ,Benin,,,,,,ChIJlVZ6BCtUIxAR9S5iy_h3suw,2021-04-22,-7,61,9,-1,0,2
BJ,Benin,,,,,,ChIJlVZ6BCtUIxAR9S5iy_h3suw,2021-04-23,-8,60,12,3,1,1
BJ,Benin,,,,,,ChIJlVZ6BCtUIxAR9S5iy_h3suw,2021-04-24,-6,60,17,0,-4,1
BJ,Benin,,,,,,ChIJlVZ6BCtUIxAR9S5iy_h3suw,2021-04-25,-6,57,11,3,-16,2
BJ,Benin,,,,,,ChIJlVZ6BCtUIxAR9S5iy_h3suw,2021-04-26,-7,65,12,5,-1,1
BJ,Benin,,,,,,ChIJlVZ6BCtUIxAR9S5iy_h3suw,2021-04-27,-6,62,9,-4,1,1
BJ,Benin,,,,,,ChIJlVZ6BCtUIxAR9S5iy_h3suw,2021-04-28,-5,60,12,-2,-2,3
BJ,Benin,,,,,,ChIJlVZ6BCtUIxAR9S5iy_h3suw,2021-04-29,-4,61,18,1,0,1
BJ,Benin,,,,,,ChIJlVZ6BCtUIxAR9S5iy_h3suw,2021-04-30,-4,67,15,5,2,0
BJ,Benin,,,,,,ChIJlVZ6BCtUIxAR9S5iy_h3suw,2021-05-01,-5,62,21,2,-13,1
BJ,Benin,,,,,,ChIJlVZ6BCtUIxAR9S5iy_h3suw,2021-05-02,-6,62,10,1,-17,1
BJ,Benin,,,,,,ChIJlVZ6BCtUIxAR9S5iy_h3suw,2021-05-03,-9,64,13,10,-2,1
BJ,Benin,,,,,,ChIJlVZ6BCtUIxAR9S5iy_h3suw,2021-05-04,-2,68,8,-2,0,-1
BJ,Benin,,,,,,ChIJlVZ6BCtUIxAR9S5iy_h3suw,2021-05-05,0,68,16,3,1,0
BJ,Benin,,,,,,ChIJlVZ6BCtUIxAR9S5iy_h3suw,2021-05-06,-3,67,11,1,0,1
BJ,Benin,,,,,,ChIJlVZ6BCtUIxAR9S5iy_h3suw,2021-05-07,-7,70,18,3,2,0
BJ,Benin,,,,,,ChIJlVZ6BCtUIxAR9S5iy_h3suw,2021-05-08,-5,67,20,4,-4,0
BJ,Benin,,,,,,ChIJlVZ6BCtUIxAR9S5iy_h3suw,2021-05-09,-5,68,7,4,-15,2
BJ,Benin,,,,,,ChIJlVZ6BCtUIxAR9S5iy_h3suw,2021-05-10,0,74,19,14,0,-1
BJ,Benin,,,,,,ChIJlVZ6BCtUIxAR9S5iy_h3suw,2021-05-11,2,71,12,4,3,-1
BJ,Benin,,,,,,ChIJlVZ6BCtUIxAR9S5iy_h3suw,2021-05-12,4,76,19,6,1,0
BJ,Benin,,,,,,ChIJlVZ6BCtUIxAR9S5iy_h3suw,2021-05-13,-8,50,16,-25,-55,9
BJ,Benin,,,,,,ChIJlVZ6BCtUIxAR9S5iy_h3suw,2021-05-14,-1,68,18,5,2,0
BJ,Benin,,,,,,ChIJlVZ6BCtUIxAR9S5iy_h3suw,2021-05-15,-3,59,20,2,-5,1
BJ,Benin,,,,,,ChIJlVZ6BCtUIxAR9S5iy_h3suw,2021-05-16,4,62,22,7,-11,1
BJ,Benin,,,,,,ChIJlVZ6BCtUIxAR9S5iy_h3suw,2021-05-17,2,73,20,8,2,0
BJ,Benin,,,,,,ChIJlVZ6BCtUIxAR9S5iy_h3suw,2021-05-18,1,66,11,-2,3,1
BJ,Benin,,,,,,ChIJlVZ6BCtUIxAR9S5iy_h3suw,2021-05-19,2,68,20,-3,5,1
BJ,Benin,,,,,,ChIJlVZ6BCtUIxAR9S5iy_h3suw,2021-05-20,4,76,25,-4,3,0
BJ,Benin,,,,,,ChIJlVZ6BCtUIxAR9S5iy_h3suw,2021-05-21,7,88,38,1,7,-3
BJ,Benin,,,,,,ChIJlVZ6BCtUIxAR9S5iy_h3suw,2021-05-22,-2,73,37,-3,-7,0
BJ,Benin,,,,,,ChIJlVZ6BCtUIxAR9S5iy_h3suw,2021-05-23,8,72,63,5,-14,-4
BJ,Benin,,,,,,ChIJlVZ6BCtUIxAR9S5iy_h3suw,2021-05-24,-3,67,38,-7,-52,8
BJ,Benin,,,,,,ChIJlVZ6BCtUIxAR9S5iy_h3suw,2021-05-25,9,80,29,0,6,-4
BJ,Benin,,,,,,ChIJlVZ6BCtUIxAR9S5iy_h3suw,2021-05-26,9,82,34,2,5,-2
BJ,Benin,,,,,,ChIJlVZ6BCtUIxAR9S5iy_h3suw,2021-05-27,11,83,29,1,5,-2
BJ,Benin,,,,,,ChIJlVZ6BCtUIxAR9S5iy_h3suw,2021-05-28,12,96,45,10,7,-5
BJ,Benin,,,,,,ChIJlVZ6BCtUIxAR9S5iy_h3suw,2021-05-29,15,97,41,13,-1,-6
BJ,Benin,,,,,,ChIJlVZ6BCtUIxAR9S5iy_h3suw,2021-05-30,13,89,33,13,-11,-5
BJ,Benin,,,,,,ChIJlVZ6BCtUIxAR9S5iy_h3suw,2021-05-31,14,92,41,9,5,-4
BJ,Benin,,,,,,ChIJlVZ6BCtUIxAR9S5iy_h3suw,2021-06-01,13,84,31,-2,5,-4
BJ,Benin,,,,,,ChIJlVZ6BCtUIxAR9S5iy_h3suw,2021-06-02,15,95,44,4,6,-4
BJ,Benin,,,,,,ChIJlVZ6BCtUIxAR9S5iy_h3suw,2021-06-03,15,93,39,5,7,-3
BJ,Benin,,,,,,ChIJlVZ6BCtUIxAR9S5iy_h3suw,2021-06-04,10,90,38,1,8,-1
BJ,Benin,,,,,,ChIJlVZ6BCtUIxAR9S5iy_h3suw,2021-06-05,14,101,39,8,3,-5
BJ,Benin,,,,,,ChIJlVZ6BCtUIxAR9S5iy_h3suw,2021-06-06,14,88,39,11,-10,-4
BJ,Benin,,,,,,ChIJlVZ6BCtUIxAR9S5iy_h3suw,2021-06-07,19,98,44,15,5,-5
BJ,Benin,,,,,,ChIJlVZ6BCtUIxAR9S5iy_h3suw,2021-06-08,12,85,22,-5,3,-3
BJ,Benin,,,,,,ChIJlVZ6BCtUIxAR9S5iy_h3suw,2021-06-09,7,81,24,0,3,-2
BJ,Benin,,,,,,ChIJlVZ6BCtUIxAR9S5iy_h3suw,2021-06-10,18,101,41,14,5,-4
BJ,Benin,,,,,,ChIJlVZ6BCtUIxAR9S5iy_h3suw,2021-06-11,9,92,30,3,6,-2
BJ,Benin,,,,,,ChIJlVZ6BCtUIxAR9S5iy_h3suw,2021-06-12,14,100,36,7,0,-5
BJ,Benin,,,,,,ChIJlVZ6BCtUIxAR9S5iy_h3suw,2021-06-13,12,90,31,11,-11,-4
BJ,Benin,,,,,,ChIJlVZ6BCtUIxAR9S5iy_h3suw,2021-06-14,15,94,27,16,2,-5
BJ,Benin,,,,,,ChIJlVZ6BCtUIxAR9S5iy_h3suw,2021-06-15,11,84,24,-1,1,-4
BJ,Benin,,,,,,ChIJlVZ6BCtUIxAR9S5iy_h3suw,2021-06-16,11,90,43,3,1,-4
BJ,Benin,,,,,,ChIJlVZ6BCtUIxAR9S5iy_h3suw,2021-06-17,12,94,56,4,2,-4
BJ,Benin,,,,,,ChIJlVZ6BCtUIxAR9S5iy_h3suw,2021-06-18,10,92,62,6,3,-4
BJ,Benin,,,,,,ChIJlVZ6BCtUIxAR9S5iy_h3suw,2021-06-19,7,83,46,4,-5,-4
BJ,Benin,,,,,,ChIJlVZ6BCtUIxAR9S5iy_h3suw,2021-06-20,0,67,25,-3,-19,-2
BJ,Benin,,,,,,ChIJlVZ6BCtUIxAR9S5iy_h3suw,2021-06-21,6,84,50,6,-7,-3
BJ,Benin,,,,,,ChIJlVZ6BCtUIxAR9S5iy_h3suw,2021-06-22,0,73,46,-10,-5,-2
BJ,Benin,,,,,,ChIJlVZ6BCtUIxAR9S5iy_h3suw,2021-06-23,10,88,65,5,-3,-3
BJ,Benin,,,,,,ChIJlVZ6BCtUIxAR9S5iy_h3suw,2021-06-24,14,91,64,6,-2,-4
BJ,Benin,,,,,,ChIJlVZ6BCtUIxAR9S5iy_h3suw,2021-06-25,9,93,63,9,0,-4
BJ,Benin,,,,,,ChIJlVZ6BCtUIxAR9S5iy_h3suw,2021-06-26,-2,68,37,-7,-12,1
BJ,Benin,,,,,,ChIJlVZ6BCtUIxAR9S5iy_h3suw,2021-06-27,11,87,43,14,-13,-5
BJ,Benin,,,,,,ChIJlVZ6BCtUIxAR9S5iy_h3suw,2021-06-28,12,95,60,5,-2,-5
BJ,Benin,,,,,,ChIJlVZ6BCtUIxAR9S5iy_h3suw,2021-06-29,12,88,55,-2,0,-4
BJ,Benin,,,,,,ChIJlVZ6BCtUIxAR9S5iy_h3suw,2021-06-30,11,85,61,-2,-1,0
BJ,Benin,,,,,,ChIJlVZ6BCtUIxAR9S5iy_h3suw,2021-07-01,15,94,62,7,1,-2
BJ,Benin,,,,,,ChIJlVZ6BCtUIxAR9S5iy_h3suw,2021-07-02,11,98,64,6,3,-2
BJ,Benin,,,,,,ChIJlVZ6BCtUIxAR9S5iy_h3suw,2021-07-03,4,87,48,-2,-4,-3
BJ,Benin,,,,,,ChIJlVZ6BCtUIxAR9S5iy_h3suw,2021-07-04,15,93,46,4,-13,-5
BJ,Benin,,,,,,ChIJlVZ6BCtUIxAR9S5iy_h3suw,2021-07-05,19,105,62,10,0,-4
BJ,Benin,,,,,,ChIJlVZ6BCtUIxAR9S5iy_h3suw,2021-07-06,17,98,57,4,0,-4
BJ,Benin,,,,,,ChIJlVZ6BCtUIxAR9S5iy_h3suw,2021-07-07,16,98,72,1,0,-3
BJ,Benin,,,,,,ChIJlVZ6BCtUIxAR9S5iy_h3suw,2021-07-08,14,101,64,5,0,-2
BJ,Benin,,,,,,ChIJlVZ6BCtUIxAR9S5iy_h3suw,2021-07-09,8,93,65,5,1,0
BJ,Benin,,,,,,ChIJlVZ6BCtUIxAR9S5iy_h3suw,2021-07-10,12,103,63,12,-4,-4
BJ,Benin,Atlantique Department,,,BJ-AQ,,ChIJZ_efgUG5JBARlPEzU2Gr30M,2021-01-01,2,72,,,-73,19
BJ,Benin,Atlantique Department,,,BJ-AQ,,ChIJZ_efgUG5JBARlPEzU2Gr30M,2021-01-02,-10,59,,,-41,12
BJ,Benin,Atlantique Department,,,BJ-AQ,,ChIJZ_efgUG5JBARlPEzU2Gr30M,2021-01-03,-6,79,,,-18,3
BJ,Benin,Atlantique Department,,,BJ-AQ,,ChIJZ_efgUG5JBARlPEzU2Gr30M,2021-01-04,-12,76,,,-12,6
BJ,Benin,Atlantique Department,,,BJ-AQ,,ChIJZ_efgUG5JBARlPEzU2Gr30M,2021-01-05,-10,76,,,-9,6
BJ,Benin,Atlantique Department,,,BJ-AQ,,ChIJZ_efgUG5JBARlPEzU2Gr30M,2021-01-06,-11,71,,,-5,8
BJ,Benin,Atlantique Department,,,BJ-AQ,,ChIJZ_efgUG5JBARlPEzU2Gr30M,2021-01-07,-7,77,,,-5,6
BJ,Benin,Atlantique Department,,,BJ-AQ,,ChIJZ_efgUG5JBARlPEzU2Gr30M,2021-01-08,-5,67,,,-5,5
BJ,Benin,Atlantique Department,,,BJ-AQ,,ChIJZ_efgUG5JBARlPEzU2Gr30M,2021-01-09,2,73,,,-10,4
BJ,Benin,Atlantique Department,,,BJ-AQ,,ChIJZ_efgUG5JBARlPEzU2Gr30M,2021-01-10,2,63,,,-13,2
BJ,Benin,Atlantique Department,,,BJ-AQ,,ChIJZ_efgUG5JBARlPEzU2Gr30M,2021-01-11,-2,69,,,-2,3
BJ,Benin,Atlantique Department,,,BJ-AQ,,ChIJZ_efgUG5JBARlPEzU2Gr30M,2021-01-12,-4,61,,,-3,3
BJ,Benin,Atlantique Department,,,BJ-AQ,,ChIJZ_efgUG5JBARlPEzU2Gr30M,2021-01-13,-8,59,,,-5,2
BJ,Benin,Atlantique Department,,,BJ-AQ,,ChIJZ_efgUG5JBARlPEzU2Gr30M,2021-01-14,-14,49,,,-11,4
BJ,Benin,Atlantique Department,,,BJ-AQ,,ChIJZ_efgUG5JBARlPEzU2Gr30M,2021-01-15,-14,47,,,-15,3
BJ,Benin,Atlantique Department,,,BJ-AQ,,ChIJZ_efgUG5JBARlPEzU2Gr30M,2021-01-16,-13,56,,,-21,4
BJ,Benin,Atlantique Department,,,BJ-AQ,,ChIJZ_efgUG5JBARlPEzU2Gr30M,2021-01-17,-11,51,,,-23,4
BJ,Benin,Atlantique Department,,,BJ-AQ,,ChIJZ_efgUG5JBARlPEzU2Gr30M,2021-01-18,-16,46,,,-13,7
BJ,Benin,Atlantique Department,,,BJ-AQ,,ChIJZ_efgUG5JBARlPEzU2Gr30M,2021-01-19,-14,43,,,-14,5
BJ,Benin,Atlantique Department,,,BJ-AQ,,ChIJZ_efgUG5JBARlPEzU2Gr30M,2021-01-20,-12,46,,,-12,6
BJ,Benin,Atlantique Department,,,BJ-AQ,,ChIJZ_efgUG5JBARlPEzU2Gr30M,2021-01-21,-10,53,,,-14,6
BJ,Benin,Atlantique Department,,,BJ-AQ,,ChIJZ_efgUG5JBARlPEzU2Gr30M,2021-01-22,-7,49,,,-11,5
BJ,Benin,Atlantique Department,,,BJ-AQ,,ChIJZ_efgUG5JBARlPEzU2Gr30M,2021-01-23,-7,60,,,-16,6
BJ,Benin,Atlantique Department,,,BJ-AQ,,ChIJZ_efgUG5JBARlPEzU2Gr30M,2021-01-24,-8,57,,,-19,5
BJ,Benin,Atlantique Department,,,BJ-AQ,,ChIJZ_efgUG5JBARlPEzU2Gr30M,2021-01-25,-8,63,,,-10,5
BJ,Benin,Atlantique Department,,,BJ-AQ,,ChIJZ_efgUG5JBARlPEzU2Gr30M,2021-01-26,-11,55,,,-12,4
BJ,Benin,Atlantique Department,,,BJ-AQ,,ChIJZ_efgUG5JBARlPEzU2Gr30M,2021-01-27,-12,55,,,-10,5
BJ,Benin,Atlantique Department,,,BJ-AQ,,ChIJZ_efgUG5JBARlPEzU2Gr30M,2021-01-28,-12,58,,,-11,4
BJ,Benin,Atlantique Department,,,BJ-AQ,,ChIJZ_efgUG5JBARlPEzU2Gr30M,2021-01-29,-10,64,,,-14,2
BJ,Benin,Atlantique Department,,,BJ-AQ,,ChIJZ_efgUG5JBARlPEzU2Gr30M,2021-01-30,-10,73,,,-20,-1
BJ,Benin,Atlantique Department,,,BJ-AQ,,ChIJZ_efgUG5JBARlPEzU2Gr30M,2021-01-31,-11,73,,,-26,-2
BJ,Benin,Atlantique Department,,,BJ-AQ,,ChIJZ_efgUG5JBARlPEzU2Gr30M,2021-02-01,-18,63,,,-13,0
BJ,Benin,Atlantique Department,,,BJ-AQ,,ChIJZ_efgUG5JBARlPEzU2Gr30M,2021-02-02,-13,68,,,-10,-1
BJ,Benin,Atlantique Department,,,BJ-AQ,,ChIJZ_efgUG5JBARlPEzU2Gr30M,2021-02-03,-15,62,,,-11,2
BJ,Benin,Atlantique Department,,,BJ-AQ,,ChIJZ_efgUG5JBARlPEzU2Gr30M,2021-02-04,-13,68,,,-14,1
BJ,Benin,Atlantique Department,,,BJ-AQ,,ChIJZ_efgUG5JBARlPEzU2Gr30M,2021-02-05,-13,70,,,-15,-1
BJ,Benin,Atlantique Department,,,BJ-AQ,,ChIJZ_efgUG5JBARlPEzU2Gr30M,2021-02-06,-9,75,,,-19,0
BJ,Benin,Atlantique Department,,,BJ-AQ,,ChIJZ_efgUG5JBARlPEzU2Gr30M,2021-02-07,-14,65,,,-27,1
BJ,Benin,Atlantique Department,,,BJ-AQ,,ChIJZ_efgUG5JBARlPEzU2Gr30M,2021-02-08,-14,76,,,-15,0
BJ,Benin,Atlantique Department,,,BJ-AQ,,ChIJZ_efgUG5JBARlPEzU2Gr30M,2021-02-09,-13,64,,,-13,0
BJ,Benin,Atlantique Department,,,BJ-AQ,,ChIJZ_efgUG5JBARlPEzU2Gr30M,2021-02-10,-10,73,,,-13,1
BJ,Benin,Atlantique Department,,,BJ-AQ,,ChIJZ_efgUG5JBARlPEzU2Gr30M,2021-02-11,-11,66,,,-14,2
BJ,Benin,Atlantique Department,,,BJ-AQ,,ChIJZ_efgUG5JBARlPEzU2Gr30M,2021-02-12,-11,62,,,-14,1
BJ,Benin,Atlantique Department,,,BJ-AQ,,ChIJZ_efgUG5JBARlPEzU2Gr30M,2021-02-13,-6,64,,,-21,-1
BJ,Benin,Atlantique Department,,,BJ-AQ,,ChIJZ_efgUG5JBARlPEzU2Gr30M,2021-02-14,-5,69,,,-29,-1
BJ,Benin,Atlantique Department,,,BJ-AQ,,ChIJZ_efgUG5JBARlPEzU2Gr30M,2021-02-15,-14,64,,,-13,0
BJ,Benin,Atlantique Department,,,BJ-AQ,,ChIJZ_efgUG5JBARlPEzU2Gr30M,2021-02-16,-16,59,,,-13,-1
BJ,Benin,Atlantique Department,,,BJ-AQ,,ChIJZ_efgUG5JBARlPEzU2Gr30M,2021-02-17,-14,55,,,-11,-1
BJ,Benin,Atlantique Department,,,BJ-AQ,,ChIJZ_efgUG5JBARlPEzU2Gr30M,2021-02-18,-10,62,,,-10,0
BJ,Benin,Atlantique Department,,,BJ-AQ,,ChIJZ_efgUG5JBARlPEzU2Gr30M,2021-02-19,-10,61,,,-12,-2
BJ,Benin,Atlantique Department,,,BJ-AQ,,ChIJZ_efgUG5JBARlPEzU2Gr30M,2021-02-20,-8,73,,,-21,-1
BJ,Benin,Atlantique Department,,,BJ-AQ,,ChIJZ_efgUG5JBARlPEzU2Gr30M,2021-02-21,-8,63,,,-28,0
BJ,Benin,Atlantique Department,,,BJ-AQ,,ChIJZ_efgUG5JBARlPEzU2Gr30M,2021-02-22,-13,75,,,-14,2
BJ,Benin,Atlantique Department,,,BJ-AQ,,ChIJZ_efgUG5JBARlPEzU2Gr30M,2021-02-23,-10,68,,,-13,0
BJ,Benin,Atlantique Department,,,BJ-AQ,,ChIJZ_efgUG5JBARlPEzU2Gr30M,2021-02-24,-13,64,,,-13,3
BJ,Benin,Atlantique Department,,,BJ-AQ,,ChIJZ_efgUG5JBARlPEzU2Gr30M,2021-02-25,-11,65,,,-17,3
BJ,Benin,Atlantique Department,,,BJ-AQ,,ChIJZ_efgUG5JBARlPEzU2Gr30M,2021-02-26,-8,69,,,-14,1
BJ,Benin,Atlantique Department,,,BJ-AQ,,ChIJZ_efgUG5JBARlPEzU2Gr30M,2021-02-27,-5,70,,,-20,-2
BJ,Benin,Atlantique Department,,,BJ-AQ,,ChIJZ_efgUG5JBARlPEzU2Gr30M,2021-02-28,-6,72,,,-27,-2
BJ,Benin,Atlantique Department,,,BJ-AQ,,ChIJZ_efgUG5JBARlPEzU2Gr30M,2021-03-01,-12,66,,,-8,0
BJ,Benin,Atlantique Department,,,BJ-AQ,,ChIJZ_efgUG5JBARlPEzU2Gr30M,2021-03-02,-12,68,,,-8,0
BJ,Benin,Atlantique Department,,,BJ-AQ,,ChIJZ_efgUG5JBARlPEzU2Gr30M,2021-03-03,-11,65,,,-8,1
BJ,Benin,Atlantique Department,,,BJ-AQ,,ChIJZ_efgUG5JBARlPEzU2Gr30M,2021-03-04,-9,67,,,-9,2
BJ,Benin,Atlantique Department,,,BJ-AQ,,ChIJZ_efgUG5JBARlPEzU2Gr30M,2021-03-05,-10,69,,,-10,0
BJ,Benin,Atlantique Department,,,BJ-AQ,,ChIJZ_efgUG5JBARlPEzU2Gr30M,2021-03-06,-3,75,,,-16,-1
BJ,Benin,Atlantique Department,,,BJ-AQ,,ChIJZ_efgUG5JBARlPEzU2Gr30M,2021-03-07,-8,67,,,-27,-1
BJ,Benin,Atlantique Department,,,BJ-AQ,,ChIJZ_efgUG5JBARlPEzU2Gr30M,2021-03-08,-12,65,,,-8,0
BJ,Benin,Atlantique Department,,,BJ-AQ,,ChIJZ_efgUG5JBARlPEzU2Gr30M,2021-03-09,-8,55,,,-7,-1
BJ,Benin,Atlantique Department,,,BJ-AQ,,ChIJZ_efgUG5JBARlPEzU2Gr30M,2021-03-10,-7,57,,,-7,0
BJ,Benin,Atlantique Department,,,BJ-AQ,,ChIJZ_efgUG5JBARlPEzU2Gr30M,2021-03-11,-16,39,,,-11,-1
BJ,Benin,Atlantique Department,,,BJ-AQ,,ChIJZ_efgUG5JBARlPEzU2Gr30M,2021-03-12,-8,53,,,-8,-5
BJ,Benin,Atlantique Department,,,BJ-AQ,,ChIJZ_efgUG5JBARlPEzU2Gr30M,2021-03-13,-4,63,,,-16,-2
BJ,Benin,Atlantique Department,,,BJ-AQ,,ChIJZ_efgUG5JBARlPEzU2Gr30M,2021-03-14,-10,50,,,-25,0
BJ,Benin,Atlantique Department,,,BJ-AQ,,ChIJZ_efgUG5JBARlPEzU2Gr30M,2021-03-15,-11,60,,,-6,-1
BJ,Benin,Atlantique Department,,,BJ-AQ,,ChIJZ_efgUG5JBARlPEzU2Gr30M,2021-03-16,-8,64,,,-6,-1
BJ,Benin,Atlantique Department,,,BJ-AQ,,ChIJZ_efgUG5JBARlPEzU2Gr30M,2021-03-17,-12,56,,,-6,0
BJ,Benin,Atlantique Department,,,BJ-AQ,,ChIJZ_efgUG5JBARlPEzU2Gr30M,2021-03-18,-11,57,,,-5,0
BJ,Benin,Atlantique Department,,,BJ-AQ,,ChIJZ_efgUG5JBARlPEzU2Gr30M,2021-03-19,-7,60,,,-5,-1
BJ,Benin,Atlantique Department,,,BJ-AQ,,ChIJZ_efgUG5JBARlPEzU2Gr30M,2021-03-20,1,68,,,-12,-2
BJ,Benin,Atlantique Department,,,BJ-AQ,,ChIJZ_efgUG5JBARlPEzU2Gr30M,2021-03-21,-4,67,,,-22,-1
BJ,Benin,Atlantique Department,,,BJ-AQ,,ChIJZ_efgUG5JBARlPEzU2Gr30M,2021-03-22,-11,64,,,-4,-2
BJ,Benin,Atlantique Department,,,BJ-AQ,,ChIJZ_efgUG5JBARlPEzU2Gr30M,2021-03-23,-20,53,,,-6,2
BJ,Benin,Atlantique Department,,,BJ-AQ,,ChIJZ_efgUG5JBARlPEzU2Gr30M,2021-03-24,-17,62,,,-4,-1
BJ,Benin,Atlantique Department,,,BJ-AQ,,ChIJZ_efgUG5JBARlPEzU2Gr30M,2021-03-25,-9,68,,,-5,-1
BJ,Benin,Atlantique Department,,,BJ-AQ,,ChIJZ_efgUG5JBARlPEzU2Gr30M,2021-03-26,-7,67,,,-4,-2
BJ,Benin,Atlantique Department,,,BJ-AQ,,ChIJZ_efgUG5JBARlPEzU2Gr30M,2021-03-27,-6,83,,,-12,-3
BJ,Benin,Atlantique Department,,,BJ-AQ,,ChIJZ_efgUG5JBARlPEzU2Gr30M,2021-03-28,-7,66,,,-23,-3
BJ,Benin,Atlantique Department,,,BJ-AQ,,ChIJZ_efgUG5JBARlPEzU2Gr30M,2021-03-29,-12,70,,,-6,-1
BJ,Benin,Atlantique Department,,,BJ-AQ,,ChIJZ_efgUG5JBARlPEzU2Gr30M,2021-03-30,-10,64,,,-6,-2
BJ,Benin,Atlantique Department,,,BJ-AQ,,ChIJZ_efgUG5JBARlPEzU2Gr30M,2021-03-31,-10,64,,,-6,-1
BJ,Benin,Atlantique Department,,,BJ-AQ,,ChIJZ_efgUG5JBARlPEzU2Gr30M,2021-04-01,-3,65,,,-10,0
BJ,Benin,Atlantique Department,,,BJ-AQ,,ChIJZ_efgUG5JBARlPEzU2Gr30M,2021-04-02,-3,70,,,-12,-1
BJ,Benin,Atlantique Department,,,BJ-AQ,,ChIJZ_efgUG5JBARlPEzU2Gr30M,2021-04-03,-1,85,,,-18,-2
BJ,Benin,Atlantique Department,,,BJ-AQ,,ChIJZ_efgUG5JBARlPEzU2Gr30M,2021-04-04,0,76,,,-22,-4
BJ,Benin,Atlantique Department,,,BJ-AQ,,ChIJZ_efgUG5JBARlPEzU2Gr30M,2021-04-05,6,76,,,-63,9
BJ,Benin,Atlantique Department,,,BJ-AQ,,ChIJZ_efgUG5JBARlPEzU2Gr30M,2021-04-06,-10,61,,,-11,1
BJ,Benin,Atlantique Department,,,BJ-AQ,,ChIJZ_efgUG5JBARlPEzU2Gr30M,2021-04-07,-8,64,,,-12,3
BJ,Benin,Atlantique Department,,,BJ-AQ,,ChIJZ_efgUG5JBARlPEzU2Gr30M,2021-04-08,-6,60,,,-13,3
BJ,Benin,Atlantique Department,,,BJ-AQ,,ChIJZ_efgUG5JBARlPEzU2Gr30M,2021-04-09,-2,68,,,-11,2
BJ,Benin,Atlantique Department,,,BJ-AQ,,ChIJZ_efgUG5JBARlPEzU2Gr30M,2021-04-10,0,68,,,-8,0
BJ,Benin,Atlantique Department,,,BJ-AQ,,ChIJZ_efgUG5JBARlPEzU2Gr30M,2021-04-11,-10,54,,,-23,2
BJ,Benin,Atlantique Department,,,BJ-AQ,,ChIJZ_efgUG5JBARlPEzU2Gr30M,2021-04-12,-7,71,,,-4,-1
BJ,Benin,Atlantique Department,,,BJ-AQ,,ChIJZ_efgUG5JBARlPEzU2Gr30M,2021-04-13,-4,66,,,-3,-1
BJ,Benin,Atlantique Department,,,BJ-AQ,,ChIJZ_efgUG5JBARlPEzU2Gr30M,2021-04-14,-4,62,,,-2,-1
BJ,Benin,Atlantique Department,,,BJ-AQ,,ChIJZ_efgUG5JBARlPEzU2Gr30M,2021-04-15,0,63,,,-2,1
BJ,Benin,Atlantique Department,,,BJ-AQ,,ChIJZ_efgUG5JBARlPEzU2Gr30M,2021-04-16,-2,66,,,2,0
BJ,Benin,Atlantique Department,,,BJ-AQ,,ChIJZ_efgUG5JBARlPEzU2Gr30M,2021-04-17,5,79,,,-6,1
BJ,Benin,Atlantique Department,,,BJ-AQ,,ChIJZ_efgUG5JBARlPEzU2Gr30M,2021-04-18,-15,47,,,-23,5
BJ,Benin,Atlantique Department,,,BJ-AQ,,ChIJZ_efgUG5JBARlPEzU2Gr30M,2021-04-19,-5,77,,,1,1
BJ,Benin,Atlantique Department,,,BJ-AQ,,ChIJZ_efgUG5JBARlPEzU2Gr30M,2021-04-20,-5,72,,,0,1
BJ,Benin,Atlantique Department,,,BJ-AQ,,ChIJZ_efgUG5JBARlPEzU2Gr30M,2021-04-21,-6,74,,,1,0
BJ,Benin,Atlantique Department,,,BJ-AQ,,ChIJZ_efgUG5JBARlPEzU2Gr30M,2021-04-22,-4,72,,,2,1
BJ,Benin,Atlantique Department,,,BJ-AQ,,ChIJZ_efgUG5JBARlPEzU2Gr30M,2021-04-23,-2,69,,,3,-1
BJ,Benin,Atlantique Department,,,BJ-AQ,,ChIJZ_efgUG5JBARlPEzU2Gr30M,2021-04-24,3,79,,,-5,0
BJ,Benin,Atlantique Department,,,BJ-AQ,,ChIJZ_efgUG5JBARlPEzU2Gr30M,2021-04-25,4,81,,,-17,0
BJ,Benin,Atlantique Department,,,BJ-AQ,,ChIJZ_efgUG5JBARlPEzU2Gr30M,2021-04-26,-5,81,,,5,0
BJ,Benin,Atlantique Department,,,BJ-AQ,,ChIJZ_efgUG5JBARlPEzU2Gr30M,2021-04-27,-4,82,,,4,-1
BJ,Benin,Atlantique Department,,,BJ-AQ,,ChIJZ_efgUG5JBARlPEzU2Gr30M,2021-04-28,-1,78,,,2,0
BJ,Benin,Atlantique Department,,,BJ-AQ,,ChIJZ_efgUG5JBARlPEzU2Gr30M,2021-04-29,-1,83,,,2,0
BJ,Benin,Atlantique Department,,,BJ-AQ,,ChIJZ_efgUG5JBARlPEzU2Gr30M,2021-04-30,1,85,,,4,-1
BJ,Benin,Atlantique Department,,,BJ-AQ,,ChIJZ_efgUG5JBARlPEzU2Gr30M,2021-05-01,9,95,,,-17,0
BJ,Benin,Atlantique Department,,,BJ-AQ,,ChIJZ_efgUG5JBARlPEzU2Gr30M,2021-05-02,3,93,,,-17,0
BJ,Benin,Atlantique Department,,,BJ-AQ,,ChIJZ_efgUG5JBARlPEzU2Gr30M,2021-05-03,-13,77,,,2,1
BJ,Benin,Atlantique Department,,,BJ-AQ,,ChIJZ_efgUG5JBARlPEzU2Gr30M,2021-05-04,-1,89,,,2,-2
BJ,Benin,Atlantique Department,,,BJ-AQ,,ChIJZ_efgUG5JBARlPEzU2Gr30M,2021-05-05,2,92,,,4,-3
BJ,Benin,Atlantique Department,,,BJ-AQ,,ChIJZ_efgUG5JBARlPEzU2Gr30M,2021-05-06,0,89,,,2,0
BJ,Benin,Atlantique Department,,,BJ-AQ,,ChIJZ_efgUG5JBARlPEzU2Gr30M,2021-05-07,-1,88,,,2,-2
BJ,Benin,Atlantique Department,,,BJ-AQ,,ChIJZ_efgUG5JBARlPEzU2Gr30M,2021-05-08,8,99,,,-7,-1
BJ,Benin,Atlantique Department,,,BJ-AQ,,ChIJZ_efgUG5JBARlPEzU2Gr30M,2021-05-09,8,104,,,-18,0
BJ,Benin,Atlantique Department,,,BJ-AQ,,ChIJZ_efgUG5JBARlPEzU2Gr30M,2021-05-10,1,104,,,4,-2
BJ,Benin,Atlantique Department,,,BJ-AQ,,ChIJZ_efgUG5JBARlPEzU2Gr30M,2021-05-11,2,89,,,6,-2
BJ,Benin,Atlantique Department,,,BJ-AQ,,ChIJZ_efgUG5JBARlPEzU2Gr30M,2021-05-12,6,87,,,4,-1
BJ,Benin,Atlantique Department,,,BJ-AQ,,ChIJZ_efgUG5JBARlPEzU2Gr30M,2021-05-13,17,94,,,-56,9
BJ,Benin,Atlantique Department,,,BJ-AQ,,ChIJZ_efgUG5JBARlPEzU2Gr30M,2021-05-14,7,76,,,5,-2
BJ,Benin,Atlantique Department,,,BJ-AQ,,ChIJZ_efgUG5JBARlPEzU2Gr30M,2021-05-15,9,77,,,-7,1
BJ,Benin,Atlantique Department,,,BJ-AQ,,ChIJZ_efgUG5JBARlPEzU2Gr30M,2021-05-16,9,78,,,-13,-1
BJ,Benin,Atlantique Department,,,BJ-AQ,,ChIJZ_efgUG5JBARlPEzU2Gr30M,2021-05-17,2,82,,,5,-1
BJ,Benin,Atlantique Department,,,BJ-AQ,,ChIJZ_efgUG5JBARlPEzU2Gr30M,2021-05-18,3,77,,,6,0
BJ,Benin,Atlantique Department,,,BJ-AQ,,ChIJZ_efgUG5JBARlPEzU2Gr30M,2021-05-19,2,73,,,7,-1
BJ,Benin,Atlantique Department,,,BJ-AQ,,ChIJZ_efgUG5JBARlPEzU2Gr30M,2021-05-20,6,83,,,4,-1
BJ,Benin,Atlantique Department,,,BJ-AQ,,ChIJZ_efgUG5JBARlPEzU2Gr30M,2021-05-21,12,107,,,8,-5
BJ,Benin,Atlantique Department,,,BJ-AQ,,ChIJZ_efgUG5JBARlPEzU2Gr30M,2021-05-22,1,93,,,-8,0
BJ,Benin,Atlantique Department,,,BJ-AQ,,ChIJZ_efgUG5JBARlPEzU2Gr30M,2021-05-23,14,94,,,-15,-6
BJ,Benin,Atlantique Department,,,BJ-AQ,,ChIJZ_efgUG5JBARlPEzU2Gr30M,2021-05-24,21,114,,,-56,6
BJ,Benin,Atlantique Department,,,BJ-AQ,,ChIJZ_efgUG5JBARlPEzU2Gr30M,2021-05-25,9,97,,,10,-5
BJ,Benin,Atlantique Department,,,BJ-AQ,,ChIJZ_efgUG5JBARlPEzU2Gr30M,2021-05-26,9,94,,,6,-5
BJ,Benin,Atlantique Department,,,BJ-AQ,,ChIJZ_efgUG5JBARlPEzU2Gr30M,2021-05-27,18,92,,,6,-4
BJ,Benin,Atlantique Department,,,BJ-AQ,,ChIJZ_efgUG5JBARlPEzU2Gr30M,2021-05-28,24,107,,,8,-7
BJ,Benin,Atlantique Department,,,BJ-AQ,,ChIJZ_efgUG5JBARlPEzU2Gr30M,2021-05-29,27,120,,,-2,-8
BJ,Benin,Atlantique Department,,,BJ-AQ,,ChIJZ_efgUG5JBARlPEzU2Gr30M,2021-05-30,26,106,,,-15,-9
BJ,Benin,Atlantique Department,,,BJ-AQ,,ChIJZ_efgUG5JBARlPEzU2Gr30M,2021-05-31,20,108,,,8,-8
BJ,Benin,Atlantique Department,,,BJ-AQ,,ChIJZ_efgUG5JBARlPEzU2Gr30M,2021-06-01,17,101,,,6,-6
BJ,Benin,Atlantique Department,,,BJ-AQ,,ChIJZ_efgUG5JBARlPEzU2Gr30M,2021-06-02,20,106,,,6,-7
BJ,Benin,Atlantique Department,,,BJ-AQ,,ChIJZ_efgUG5JBARlPEzU2Gr30M,2021-06-03,18,106,,,8,-4
BJ,Benin,Atlantique Department,,,BJ-AQ,,ChIJZ_efgUG5JBARlPEzU2Gr30M,2021-06-04,19,109,,,10,-4
BJ,Benin,Atlantique Department,,,BJ-AQ,,ChIJZ_efgUG5JBARlPEzU2Gr30M,2021-06-05,28,132,,,4,-8
BJ,Benin,Atlantique Department,,,BJ-AQ,,ChIJZ_efgUG5JBARlPEzU2Gr30M,2021-06-06,27,114,,,-11,-8
BJ,Benin,Atlantique Department,,,BJ-AQ,,ChIJZ_efgUG5JBARlPEzU2Gr30M,2021-06-07,22,124,,,8,-8
BJ,Benin,Atlantique Department,,,BJ-AQ,,ChIJZ_efgUG5JBARlPEzU2Gr30M,2021-06-08,10,109,,,6,-7
BJ,Benin,Atlantique Department,,,BJ-AQ,,ChIJZ_efgUG5JBARlPEzU2Gr30M,2021-06-09,4,94,,,4,-5
BJ,Benin,Atlantique Department,,,BJ-AQ,,ChIJZ_efgUG5JBARlPEzU2Gr30M,2021-06-10,21,119,,,6,-7
BJ,Benin,Atlantique Department,,,BJ-AQ,,ChIJZ_efgUG5JBARlPEzU2Gr30M,2021-06-11,16,102,,,8,-5
BJ,Benin,Atlantique Department,,,BJ-AQ,,ChIJZ_efgUG5JBARlPEzU2Gr30M,2021-06-12,23,120,,,2,-7
BJ,Benin,Atlantique Department,,,BJ-AQ,,ChIJZ_efgUG5JBARlPEzU2Gr30M,2021-06-13,20,104,,,-12,-7
BJ,Benin,Atlantique Department,,,BJ-AQ,,ChIJZ_efgUG5JBARlPEzU2Gr30M,2021-06-14,19,113,,,5,-8
BJ,Benin,Atlantique Department,,,BJ-AQ,,ChIJZ_efgUG5JBARlPEzU2Gr30M,2021-06-15,12,100,,,3,-8
BJ,Benin,Atlantique Department,,,BJ-AQ,,ChIJZ_efgUG5JBARlPEzU2Gr30M,2021-06-16,11,104,,,1,-7
BJ,Benin,Atlantique Department,,,BJ-AQ,,ChIJZ_efgUG5JBARlPEzU2Gr30M,2021-06-17,13,99,,,2,-7
BJ,Benin,Atlantique Department,,,BJ-AQ,,ChIJZ_efgUG5JBARlPEzU2Gr30M,2021-06-18,19,107,,,3,-7
BJ,Benin,Atlantique Department,,,BJ-AQ,,ChIJZ_efgUG5JBARlPEzU2Gr30M,2021-06-19,18,102,,,-5,-6
BJ,Benin,Atlantique Department,,,BJ-AQ,,ChIJZ_efgUG5JBARlPEzU2Gr30M,2021-06-20,6,80,,,-23,-6
BJ,Benin,Atlantique Department,,,BJ-AQ,,ChIJZ_efgUG5JBARlPEzU2Gr30M,2021-06-21,10,98,,,-6,-7
BJ,Benin,Atlantique Department,,,BJ-AQ,,ChIJZ_efgUG5JBARlPEzU2Gr30M,2021-06-22,1,79,,,-5,-5
BJ,Benin,Atlantique Department,,,BJ-AQ,,ChIJZ_efgUG5JBARlPEzU2Gr30M,2021-06-23,16,97,,,-3,-7
BJ,Benin,Atlantique Department,,,BJ-AQ,,ChIJZ_efgUG5JBARlPEzU2Gr30M,2021-06-24,20,99,,,-1,-7
BJ,Benin,Atlantique Department,,,BJ-AQ,,ChIJZ_efgUG5JBARlPEzU2Gr30M,2021-06-25,20,100,,,1,-7
BJ,Benin,Atlantique Department,,,BJ-AQ,,ChIJZ_efgUG5JBARlPEzU2Gr30M,2021-06-26,9,84,,,-14,-2
BJ,Benin,Atlantique Department,,,BJ-AQ,,ChIJZ_efgUG5JBARlPEzU2Gr30M,2021-06-27,22,104,,,-14,-8
BJ,Benin,Atlantique Department,,,BJ-AQ,,ChIJZ_efgUG5JBARlPEzU2Gr30M,2021-06-28,17,110,,,2,-8
BJ,Benin,Atlantique Department,,,BJ-AQ,,ChIJZ_efgUG5JBARlPEzU2Gr30M,2021-06-29,15,104,,,2,-7
BJ,Benin,Atlantique Department,,,BJ-AQ,,ChIJZ_efgUG5JBARlPEzU2Gr30M,2021-06-30,14,94,,,0,-4
BJ,Benin,Atlantique Department,,,BJ-AQ,,ChIJZ_efgUG5JBARlPEzU2Gr30M,2021-07-01,22,110,,,2,-4
BJ,Benin,Atlantique Department,,,BJ-AQ,,ChIJZ_efgUG5JBARlPEzU2Gr30M,2021-07-02,20,109,,,5,-4
BJ,Benin,Atlantique Department,,,BJ-AQ,,ChIJZ_efgUG5JBARlPEzU2Gr30M,2021-07-03,13,97,,,-5,-5
BJ,Benin,Atlantique Department,,,BJ-AQ,,ChIJZ_efgUG5JBARlPEzU2Gr30M,2021-07-04,26,106,,,-14,-8
BJ,Benin,Atlantique Department,,,BJ-AQ,,ChIJZ_efgUG5JBARlPEzU2Gr30M,2021-07-05,21,117,,,4,-7
BJ,Benin,Atlantique Department,,,BJ-AQ,,ChIJZ_efgUG5JBARlPEzU2Gr30M,2021-07-06,21,111,,,1,-7
BJ,Benin,Atlantique Department,,,BJ-AQ,,ChIJZ_efgUG5JBARlPEzU2Gr30M,2021-07-07,19,107,,,1,-7
BJ,Benin,Atlantique Department,,,BJ-AQ,,ChIJZ_efgUG5JBARlPEzU2Gr30M,2021-07-08,19,110,,,1,-4
BJ,Benin,Atlantique Department,,,BJ-AQ,,ChIJZ_efgUG5JBARlPEzU2Gr30M,2021-07-09,16,108,,,2,-2
BJ,Benin,Atlantique Department,,,BJ-AQ,,ChIJZ_efgUG5JBARlPEzU2Gr30M,2021-07-10,26,127,,,-4,-6
BJ,Benin,Borgou Department,,,BJ-BO,,ChIJ3wT92PVaMhARL80sZzHHVwg,2021-01-01,,,,,-60,
BJ,Benin,Borgou Department,,,BJ-BO,,ChIJ3wT92PVaMhARL80sZzHHVwg,2021-01-02,,,,,-31,
BJ,Benin,Borgou Department,,,BJ-BO,,ChIJ3wT92PVaMhARL80sZzHHVwg,2021-01-03,,,,,-21,
BJ,Benin,Borgou Department,,,BJ-BO,,ChIJ3wT92PVaMhARL80sZzHHVwg,2021-01-04,,,,,-11,
BJ,Benin,Borgou Department,,,BJ-BO,,ChIJ3wT92PVaMhARL80sZzHHVwg,2021-01-05,,,,,-12,
BJ,Benin,Borgou Department,,,BJ-BO,,ChIJ3wT92PVaMhARL80sZzHHVwg,2021-01-06,,,,,-6,
BJ,Benin,Borgou Department,,,BJ-BO,,ChIJ3wT92PVaMhARL80sZzHHVwg,2021-01-07,,,,,-11,
BJ,Benin,Borgou Department,,,BJ-BO,,ChIJ3wT92PVaMhARL80sZzHHVwg,2021-01-08,,,,,-10,
BJ,Benin,Borgou Department,,,BJ-BO,,ChIJ3wT92PVaMhARL80sZzHHVwg,2021-01-09,,,,,-7,
BJ,Benin,Borgou Department,,,BJ-BO,,ChIJ3wT92PVaMhARL80sZzHHVwg,2021-01-10,,,,,-14,
BJ,Benin,Borgou Department,,,BJ-BO,,ChIJ3wT92PVaMhARL80sZzHHVwg,2021-01-11,,,,,-8,
BJ,Benin,Borgou Department,,,BJ-BO,,ChIJ3wT92PVaMhARL80sZzHHVwg,2021-01-12,,,,,-13,
BJ,Benin,Borgou Department,,,BJ-BO,,ChIJ3wT92PVaMhARL80sZzHHVwg,2021-01-13,,,,,-6,
BJ,Benin,Borgou Department,,,BJ-BO,,ChIJ3wT92PVaMhARL80sZzHHVwg,2021-01-14,,,,,-10,
BJ,Benin,Borgou Department,,,BJ-BO,,ChIJ3wT92PVaMhARL80sZzHHVwg,2021-01-15,,,,,-12,
BJ,Benin,Borgou Department,,,BJ-BO,,ChIJ3wT92PVaMhARL80sZzHHVwg,2021-01-16,,,,,-10,
BJ,Benin,Borgou Department,,,BJ-BO,,ChIJ3wT92PVaMhARL80sZzHHVwg,2021-01-17,,,,,-14,
BJ,Benin,Borgou Department,,,BJ-BO,,ChIJ3wT92PVaMhARL80sZzHHVwg,2021-01-18,,,,,-8,
BJ,Benin,Borgou Department,,,BJ-BO,,ChIJ3wT92PVaMhARL80sZzHHVwg,2021-01-19,,,,,-11,
BJ,Benin,Borgou Department,,,BJ-BO,,ChIJ3wT92PVaMhARL80sZzHHVwg,2021-01-20,,,,,-8,
BJ,Benin,Borgou Department,,,BJ-BO,,ChIJ3wT92PVaMhARL80sZzHHVwg,2021-01-21,,,,,-11,
BJ,Benin,Borgou Department,,,BJ-BO,,ChIJ3wT92PVaMhARL80sZzHHVwg,2021-01-22,,,,,-13,
BJ,Benin,Borgou Department,,,BJ-BO,,ChIJ3wT92PVaMhARL80sZzHHVwg,2021-01-23,,,,,-8,
BJ,Benin,Borgou Department,,,BJ-BO,,ChIJ3wT92PVaMhARL80sZzHHVwg,2021-01-24,,,,,-15,
BJ,Benin,Borgou Department,,,BJ-BO,,ChIJ3wT92PVaMhARL80sZzHHVwg,2021-01-25,,,,,-10,
BJ,Benin,Borgou Department,,,BJ-BO,,ChIJ3wT92PVaMhARL80sZzHHVwg,2021-01-26,,,,,-10,
BJ,Benin,Borgou Department,,,BJ-BO,,ChIJ3wT92PVaMhARL80sZzHHVwg,2021-01-27,,,,,-11,
BJ,Benin,Borgou Department,,,BJ-BO,,ChIJ3wT92PVaMhARL80sZzHHVwg,2021-01-28,,,,,-7,
BJ,Benin,Borgou Department,,,BJ-BO,,ChIJ3wT92PVaMhARL80sZzHHVwg,2021-01-29,,,,,-13,
BJ,Benin,Borgou Department,,,BJ-BO,,ChIJ3wT92PVaMhARL80sZzHHVwg,2021-01-30,,,,,-10,
BJ,Benin,Borgou Department,,,BJ-BO,,ChIJ3wT92PVaMhARL80sZzHHVwg,2021-01-31,,,,,-22,
BJ,Benin,Borgou Department,,,BJ-BO,,ChIJ3wT92PVaMhARL80sZzHHVwg,2021-02-01,,,,,-16,
BJ,Benin,Borgou Department,,,BJ-BO,,ChIJ3wT92PVaMhARL80sZzHHVwg,2021-02-02,,,,,-14,
BJ,Benin,Borgou Department,,,BJ-BO,,ChIJ3wT92PVaMhARL80sZzHHVwg,2021-02-03,,,,,-18,
BJ,Benin,Borgou Department,,,BJ-BO,,ChIJ3wT92PVaMhARL80sZzHHVwg,2021-02-04,,,,,-20,
BJ,Benin,Borgou Department,,,BJ-BO,,ChIJ3wT92PVaMhARL80sZzHHVwg,2021-02-05,,,,,-25,
BJ,Benin,Borgou Department,,,BJ-BO,,ChIJ3wT92PVaMhARL80sZzHHVwg,2021-02-06,,,,,-21,
BJ,Benin,Borgou Department,,,BJ-BO,,ChIJ3wT92PVaMhARL80sZzHHVwg,2021-02-07,,,,,-28,
BJ,Benin,Borgou Department,,,BJ-BO,,ChIJ3wT92PVaMhARL80sZzHHVwg,2021-02-08,,,,,-17,
BJ,Benin,Borgou Department,,,BJ-BO,,ChIJ3wT92PVaMhARL80sZzHHVwg,2021-02-09,,,,,-23,
BJ,Benin,Borgou Department,,,BJ-BO,,ChIJ3wT92PVaMhARL80sZzHHVwg,2021-02-10,,,,,-20,
BJ,Benin,Borgou Department,,,BJ-BO,,ChIJ3wT92PVaMhARL80sZzHHVwg,2021-02-11,,,,,-19,
BJ,Benin,Borgou Department,,,BJ-BO,,ChIJ3wT92PVaMhARL80sZzHHVwg,2021-02-12,,,,,-24,
BJ,Benin,Borgou Department,,,BJ-BO,,ChIJ3wT92PVaMhARL80sZzHHVwg,2021-02-13,,,,,-18,
BJ,Benin,Borgou Department,,,BJ-BO,,ChIJ3wT92PVaMhARL80sZzHHVwg,2021-02-14,,,,,-24,
BJ,Benin,Borgou Department,,,BJ-BO,,ChIJ3wT92PVaMhARL80sZzHHVwg,2021-02-15,,,,,-23,
BJ,Benin,Borgou Department,,,BJ-BO,,ChIJ3wT92PVaMhARL80sZzHHVwg,2021-02-16,,,,,-23,
BJ,Benin,Borgou Department,,,BJ-BO,,ChIJ3wT92PVaMhARL80sZzHHVwg,2021-02-17,,,,,-24,
BJ,Benin,Borgou Department,,,BJ-BO,,ChIJ3wT92PVaMhARL80sZzHHVwg,2021-02-18,,,,,-17,
BJ,Benin,Borgou Department,,,BJ-BO,,ChIJ3wT92PVaMhARL80sZzHHVwg,2021-02-19,,,,,-23,
BJ,Benin,Borgou Department,,,BJ-BO,,ChIJ3wT92PVaMhARL80sZzHHVwg,2021-02-20,,,,,-26,
BJ,Benin,Borgou Department,,,BJ-BO,,ChIJ3wT92PVaMhARL80sZzHHVwg,2021-02-21,,,,,-30,
BJ,Benin,Borgou Department,,,BJ-BO,,ChIJ3wT92PVaMhARL80sZzHHVwg,2021-02-22,,,,,-21,
BJ,Benin,Borgou Department,,,BJ-BO,,ChIJ3wT92PVaMhARL80sZzHHVwg,2021-02-23,,,,,-25,
BJ,Benin,Borgou Department,,,BJ-BO,,ChIJ3wT92PVaMhARL80sZzHHVwg,2021-02-24,,,,,-19,
BJ,Benin,Borgou Department,,,BJ-BO,,ChIJ3wT92PVaMhARL80sZzHHVwg,2021-02-25,,,,,-23,
BJ,Benin,Borgou Department,,,BJ-BO,,ChIJ3wT92PVaMhARL80sZzHHVwg,2021-02-26,,,,,-23,
BJ,Benin,Borgou Department,,,BJ-BO,,ChIJ3wT92PVaMhARL80sZzHHVwg,2021-02-27,,,,,-23,
BJ,Benin,Borgou Department,,,BJ-BO,,ChIJ3wT92PVaMhARL80sZzHHVwg,2021-02-28,,,,,-27,
BJ,Benin,Borgou Department,,,BJ-BO,,ChIJ3wT92PVaMhARL80sZzHHVwg,2021-03-01,,,,,-18,
BJ,Benin,Borgou Department,,,BJ-BO,,ChIJ3wT92PVaMhARL80sZzHHVwg,2021-03-02,,,,,-20,
BJ,Benin,Borgou Department,,,BJ-BO,,ChIJ3wT92PVaMhARL80sZzHHVwg,2021-03-03,,,,,-16,
BJ,Benin,Borgou Department,,,BJ-BO,,ChIJ3wT92PVaMhARL80sZzHHVwg,2021-03-04,,,,,-24,
BJ,Benin,Borgou Department,,,BJ-BO,,ChIJ3wT92PVaMhARL80sZzHHVwg,2021-03-05,,,,,-23,
BJ,Benin,Borgou Department,,,BJ-BO,,ChIJ3wT92PVaMhARL80sZzHHVwg,2021-03-06,,,,,-24,
BJ,Benin,Borgou Department,,,BJ-BO,,ChIJ3wT92PVaMhARL80sZzHHVwg,2021-03-07,,,,,-31,
BJ,Benin,Borgou Department,,,BJ-BO,,ChIJ3wT92PVaMhARL80sZzHHVwg,2021-03-08,,,,,-18,
BJ,Benin,Borgou Department,,,BJ-BO,,ChIJ3wT92PVaMhARL80sZzHHVwg,2021-03-09,,,,,-23,
BJ,Benin,Borgou Department,,,BJ-BO,,ChIJ3wT92PVaMhARL80sZzHHVwg,2021-03-10,,,,,-21,
BJ,Benin,Borgou Department,,,BJ-BO,,ChIJ3wT92PVaMhARL80sZzHHVwg,2021-03-11,,,,,-19,
BJ,Benin,Borgou Department,,,BJ-BO,,ChIJ3wT92PVaMhARL80sZzHHVwg,2021-03-12,,,,,-23,
BJ,Benin,Borgou Department,,,BJ-BO,,ChIJ3wT92PVaMhARL80sZzHHVwg,2021-03-13,,,,,-21,
BJ,Benin,Borgou Department,,,BJ-BO,,ChIJ3wT92PVaMhARL80sZzHHVwg,2021-03-14,,,,,-27,
BJ,Benin,Borgou Department,,,BJ-BO,,ChIJ3wT92PVaMhARL80sZzHHVwg,2021-03-15,,,,,-16,
BJ,Benin,Borgou Department,,,BJ-BO,,ChIJ3wT92PVaMhARL80sZzHHVwg,2021-03-16,,,,,-20,
BJ,Benin,Borgou Department,,,BJ-BO,,ChIJ3wT92PVaMhARL80sZzHHVwg,2021-03-17,,,,,-17,
BJ,Benin,Borgou Department,,,BJ-BO,,ChIJ3wT92PVaMhARL80sZzHHVwg,2021-03-18,,,,,-18,
BJ,Benin,Borgou Department,,,BJ-BO,,ChIJ3wT92PVaMhARL80sZzHHVwg,2021-03-19,,,,,-23,
BJ,Benin,Borgou Department,,,BJ-BO,,ChIJ3wT92PVaMhARL80sZzHHVwg,2021-03-20,,,,,-17,
BJ,Benin,Borgou Department,,,BJ-BO,,ChIJ3wT92PVaMhARL80sZzHHVwg,2021-03-21,,,,,-26,
BJ,Benin,Borgou Department,,,BJ-BO,,ChIJ3wT92PVaMhARL80sZzHHVwg,2021-03-22,,,,,-17,
BJ,Benin,Borgou Department,,,BJ-BO,,ChIJ3wT92PVaMhARL80sZzHHVwg,2021-03-23,,,,,-17,
BJ,Benin,Borgou Department,,,BJ-BO,,ChIJ3wT92PVaMhARL80sZzHHVwg,2021-03-24,,,,,-14,
BJ,Benin,Borgou Department,,,BJ-BO,,ChIJ3wT92PVaMhARL80sZzHHVwg,2021-03-25,,,,,-13,
BJ,Benin,Borgou Department,,,BJ-BO,,ChIJ3wT92PVaMhARL80sZzHHVwg,2021-03-26,,,,,-17,
BJ,Benin,Borgou Department,,,BJ-BO,,ChIJ3wT92PVaMhARL80sZzHHVwg,2021-03-27,,,,,-13,
BJ,Benin,Borgou Department,,,BJ-BO,,ChIJ3wT92PVaMhARL80sZzHHVwg,2021-03-28,,,,,-25,
BJ,Benin,Borgou Department,,,BJ-BO,,ChIJ3wT92PVaMhARL80sZzHHVwg,2021-03-29,,,,,-18,
BJ,Benin,Borgou Department,,,BJ-BO,,ChIJ3wT92PVaMhARL80sZzHHVwg,2021-03-30,,,,,-21,
BJ,Benin,Borgou Department,,,BJ-BO,,ChIJ3wT92PVaMhARL80sZzHHVwg,2021-03-31,,,,,-16,
BJ,Benin,Borgou Department,,,BJ-BO,,ChIJ3wT92PVaMhARL80sZzHHVwg,2021-04-01,,,,,-17,
BJ,Benin,Borgou Department,,,BJ-BO,,ChIJ3wT92PVaMhARL80sZzHHVwg,2021-04-02,,,,,-25,
BJ,Benin,Borgou Department,,,BJ-BO,,ChIJ3wT92PVaMhARL80sZzHHVwg,2021-04-03,,,,,-27,
BJ,Benin,Borgou Department,,,BJ-BO,,ChIJ3wT92PVaMhARL80sZzHHVwg,2021-04-04,,,,,-34,
BJ,Benin,Borgou Department,,,BJ-BO,,ChIJ3wT92PVaMhARL80sZzHHVwg,2021-04-05,,,,,-46,
BJ,Benin,Borgou Department,,,BJ-BO,,ChIJ3wT92PVaMhARL80sZzHHVwg,2021-04-06,,,,,-28,
BJ,Benin,Borgou Department,,,BJ-BO,,ChIJ3wT92PVaMhARL80sZzHHVwg,2021-04-07,,,,,-34,
BJ,Benin,Borgou Department,,,BJ-BO,,ChIJ3wT92PVaMhARL80sZzHHVwg,2021-04-08,,,,,-37,
BJ,Benin,Borgou Department,,,BJ-BO,,ChIJ3wT92PVaMhARL80sZzHHVwg,2021-04-09,,,,,-41,
BJ,Benin,Borgou Department,,,BJ-BO,,ChIJ3wT92PVaMhARL80sZzHHVwg,2021-04-10,,,,,-29,
BJ,Benin,Borgou Department,,,BJ-BO,,ChIJ3wT92PVaMhARL80sZzHHVwg,2021-04-11,,,,,-43,
BJ,Benin,Borgou Department,,,BJ-BO,,ChIJ3wT92PVaMhARL80sZzHHVwg,2021-04-12,,,,,-26,
BJ,Benin,Borgou Department,,,BJ-BO,,ChIJ3wT92PVaMhARL80sZzHHVwg,2021-04-13,,,,,-22,
BJ,Benin,Borgou Department,,,BJ-BO,,ChIJ3wT92PVaMhARL80sZzHHVwg,2021-04-14,,,,,-21,
BJ,Benin,Borgou Department,,,BJ-BO,,ChIJ3wT92PVaMhARL80sZzHHVwg,2021-04-15,,,,,-16,
BJ,Benin,Borgou Department,,,BJ-BO,,ChIJ3wT92PVaMhARL80sZzHHVwg,2021-04-16,,,,,-15,
BJ,Benin,Borgou Department,,,BJ-BO,,ChIJ3wT92PVaMhARL80sZzHHVwg,2021-04-17,,,,,-22,
BJ,Benin,Borgou Department,,,BJ-BO,,ChIJ3wT92PVaMhARL80sZzHHVwg,2021-04-18,,,,,-31,
BJ,Benin,Borgou Department,,,BJ-BO,,ChIJ3wT92PVaMhARL80sZzHHVwg,2021-04-19,,,,,-14,
BJ,Benin,Borgou Department,,,BJ-BO,,ChIJ3wT92PVaMhARL80sZzHHVwg,2021-04-20,,,,,-20,
BJ,Benin,Borgou Department,,,BJ-BO,,ChIJ3wT92PVaMhARL80sZzHHVwg,2021-04-21,,,,,-18,
BJ,Benin,Borgou Department,,,BJ-BO,,ChIJ3wT92PVaMhARL80sZzHHVwg,2021-04-22,,,,,-13,
BJ,Benin,Borgou Department,,,BJ-BO,,ChIJ3wT92PVaMhARL80sZzHHVwg,2021-04-23,,,,,-14,
BJ,Benin,Borgou Department,,,BJ-BO,,ChIJ3wT92PVaMhARL80sZzHHVwg,2021-04-24,,,,,-14,
BJ,Benin,Borgou Department,,,BJ-BO,,ChIJ3wT92PVaMhARL80sZzHHVwg,2021-04-25,,,,,-28,
BJ,Benin,Borgou Department,,,BJ-BO,,ChIJ3wT92PVaMhARL80sZzHHVwg,2021-04-26,,,,,-11,
BJ,Benin,Borgou Department,,,BJ-BO,,ChIJ3wT92PVaMhARL80sZzHHVwg,2021-04-27,,,,,-12,
BJ,Benin,Borgou Department,,,BJ-BO,,ChIJ3wT92PVaMhARL80sZzHHVwg,2021-04-28,,,,,-17,
BJ,Benin,Borgou Department,,,BJ-BO,,ChIJ3wT92PVaMhARL80sZzHHVwg,2021-04-29,,,,,-10,
BJ,Benin,Borgou Department,,,BJ-BO,,ChIJ3wT92PVaMhARL80sZzHHVwg,2021-04-30,,,,,-13,
BJ,Benin,Borgou Department,,,BJ-BO,,ChIJ3wT92PVaMhARL80sZzHHVwg,2021-05-01,,,,,-22,
BJ,Benin,Borgou Department,,,BJ-BO,,ChIJ3wT92PVaMhARL80sZzHHVwg,2021-05-02,,,,,-33,
BJ,Benin,Borgou Department,,,BJ-BO,,ChIJ3wT92PVaMhARL80sZzHHVwg,2021-05-03,,,,,-13,
BJ,Benin,Borgou Department,,,BJ-BO,,ChIJ3wT92PVaMhARL80sZzHHVwg,2021-05-04,,,,,-12,
BJ,Benin,Borgou Department,,,BJ-BO,,ChIJ3wT92PVaMhARL80sZzHHVwg,2021-05-05,,,,,-12,
BJ,Benin,Borgou Department,,,BJ-BO,,ChIJ3wT92PVaMhARL80sZzHHVwg,2021-05-06,,,,,-11,
BJ,Benin,Borgou Department,,,BJ-BO,,ChIJ3wT92PVaMhARL80sZzHHVwg,2021-05-07,,,,,-6,
BJ,Benin,Borgou Department,,,BJ-BO,,ChIJ3wT92PVaMhARL80sZzHHVwg,2021-05-08,,,,,-13,
BJ,Benin,Borgou Department,,,BJ-BO,,ChIJ3wT92PVaMhARL80sZzHHVwg,2021-05-09,,,,,-23,
BJ,Benin,Borgou Department,,,BJ-BO,,ChIJ3wT92PVaMhARL80sZzHHVwg,2021-05-10,,,,,-11,
BJ,Benin,Borgou Department,,,BJ-BO,,ChIJ3wT92PVaMhARL80sZzHHVwg,2021-05-11,,,,,-15,
BJ,Benin,Borgou Department,,,BJ-BO,,ChIJ3wT92PVaMhARL80sZzHHVwg,2021-05-12,,,,,-15,
BJ,Benin,Borgou Department,,,BJ-BO,,ChIJ3wT92PVaMhARL80sZzHHVwg,2021-05-13,,,,,-61,
BJ,Benin,Borgou Department,,,BJ-BO,,ChIJ3wT92PVaMhARL80sZzHHVwg,2021-05-14,,,,,-16,
BJ,Benin,Borgou Department,,,BJ-BO,,ChIJ3wT92PVaMhARL80sZzHHVwg,2021-05-15,,,,,-12,
BJ,Benin,Borgou Department,,,BJ-BO,,ChIJ3wT92PVaMhARL80sZzHHVwg,2021-05-16,,,,,-22,
BJ,Benin,Borgou Department,,,BJ-BO,,ChIJ3wT92PVaMhARL80sZzHHVwg,2021-05-17,,,,,-10,
BJ,Benin,Borgou Department,,,BJ-BO,,ChIJ3wT92PVaMhARL80sZzHHVwg,2021-05-18,,,,,-12,
BJ,Benin,Borgou Department,,,BJ-BO,,ChIJ3wT92PVaMhARL80sZzHHVwg,2021-05-19,,,,,-13,
BJ,Benin,Borgou Department,,,BJ-BO,,ChIJ3wT92PVaMhARL80sZzHHVwg,2021-05-20,,,,,-11,
BJ,Benin,Borgou Department,,,BJ-BO,,ChIJ3wT92PVaMhARL80sZzHHVwg,2021-05-21,,,,,-8,
BJ,Benin,Borgou Department,,,BJ-BO,,ChIJ3wT92PVaMhARL80sZzHHVwg,2021-05-22,,,,,-15,
BJ,Benin,Borgou Department,,,BJ-BO,,ChIJ3wT92PVaMhARL80sZzHHVwg,2021-05-23,,,,,-24,
BJ,Benin,Borgou Department,,,BJ-BO,,ChIJ3wT92PVaMhARL80sZzHHVwg,2021-05-24,,,,,-42,
BJ,Benin,Borgou Department,,,BJ-BO,,ChIJ3wT92PVaMhARL80sZzHHVwg,2021-05-25,,,,,-8,
BJ,Benin,Borgou Department,,,BJ-BO,,ChIJ3wT92PVaMhARL80sZzHHVwg,2021-05-26,,,,,-8,
BJ,Benin,Borgou Department,,,BJ-BO,,ChIJ3wT92PVaMhARL80sZzHHVwg,2021-05-27,,,,,-2,
BJ,Benin,Borgou Department,,,BJ-BO,,ChIJ3wT92PVaMhARL80sZzHHVwg,2021-05-28,,,,,-1,
BJ,Benin,Borgou Department,,,BJ-BO,,ChIJ3wT92PVaMhARL80sZzHHVwg,2021-05-29,,,,,-9,
BJ,Benin,Borgou Department,,,BJ-BO,,ChIJ3wT92PVaMhARL80sZzHHVwg,2021-05-30,,,,,-26,
BJ,Benin,Borgou Department,,,BJ-BO,,ChIJ3wT92PVaMhARL80sZzHHVwg,2021-05-31,,,,,0,
BJ,Benin,Borgou Department,,,BJ-BO,,ChIJ3wT92PVaMhARL80sZzHHVwg,2021-06-01,,,,,-6,
BJ,Benin,Borgou Department,,,BJ-BO,,ChIJ3wT92PVaMhARL80sZzHHVwg,2021-06-02,,,,,-3,
BJ,Benin,Borgou Department,,,BJ-BO,,ChIJ3wT92PVaMhARL80sZzHHVwg,2021-06-03,,,,,-1,
BJ,Benin,Borgou Department,,,BJ-BO,,ChIJ3wT92PVaMhARL80sZzHHVwg,2021-06-04,,,,,-2,
BJ,Benin,Borgou Department,,,BJ-BO,,ChIJ3wT92PVaMhARL80sZzHHVwg,2021-06-05,,,,,3,
BJ,Benin,Borgou Department,,,BJ-BO,,ChIJ3wT92PVaMhARL80sZzHHVwg,2021-06-06,,,,,-27,
BJ,Benin,Borgou Department,,,BJ-BO,,ChIJ3wT92PVaMhARL80sZzHHVwg,2021-06-07,,,,,-5,
BJ,Benin,Borgou Department,,,BJ-BO,,ChIJ3wT92PVaMhARL80sZzHHVwg,2021-06-08,,,,,-10,
BJ,Benin,Borgou Department,,,BJ-BO,,ChIJ3wT92PVaMhARL80sZzHHVwg,2021-06-09,,,,,-5,
BJ,Benin,Borgou Department,,,BJ-BO,,ChIJ3wT92PVaMhARL80sZzHHVwg,2021-06-10,,,,,-1,
BJ,Benin,Borgou Department,,,BJ-BO,,ChIJ3wT92PVaMhARL80sZzHHVwg,2021-06-11,,,,,-5,
BJ,Benin,Borgou Department,,,BJ-BO,,ChIJ3wT92PVaMhARL80sZzHHVwg,2021-06-12,,,,,-6,
BJ,Benin,Borgou Department,,,BJ-BO,,ChIJ3wT92PVaMhARL80sZzHHVwg,2021-06-13,,,,,-21,
BJ,Benin,Borgou Department,,,BJ-BO,,ChIJ3wT92PVaMhARL80sZzHHVwg,2021-06-14,,,,,-7,
BJ,Benin,Borgou Department,,,BJ-BO,,ChIJ3wT92PVaMhARL80sZzHHVwg,2021-06-15,,,,,-12,
BJ,Benin,Borgou Department,,,BJ-BO,,ChIJ3wT92PVaMhARL80sZzHHVwg,2021-06-16,,,,,-17,
BJ,Benin,Borgou Department,,,BJ-BO,,ChIJ3wT92PVaMhARL80sZzHHVwg,2021-06-17,,,,,-10,
BJ,Benin,Borgou Department,,,BJ-BO,,ChIJ3wT92PVaMhARL80sZzHHVwg,2021-06-18,,,,,-10,
BJ,Benin,Borgou Department,,,BJ-BO,,ChIJ3wT92PVaMhARL80sZzHHVwg,2021-06-19,,,,,-8,
BJ,Benin,Borgou Department,,,BJ-BO,,ChIJ3wT92PVaMhARL80sZzHHVwg,2021-06-20,,,,,-29,
BJ,Benin,Borgou Department,,,BJ-BO,,ChIJ3wT92PVaMhARL80sZzHHVwg,2021-06-21,,,,,-16,
BJ,Benin,Borgou Department,,,BJ-BO,,ChIJ3wT92PVaMhARL80sZzHHVwg,2021-06-22,,,,,-18,
BJ,Benin,Borgou Department,,,BJ-BO,,ChIJ3wT92PVaMhARL80sZzHHVwg,2021-06-23,,,,,-11,
BJ,Benin,Borgou Department,,,BJ-BO,,ChIJ3wT92PVaMhARL80sZzHHVwg,2021-06-24,,,,,-10,
BJ,Benin,Borgou Department,,,BJ-BO,,ChIJ3wT92PVaMhARL80sZzHHVwg,2021-06-25,,,,,-12,
BJ,Benin,Borgou Department,,,BJ-BO,,ChIJ3wT92PVaMhARL80sZzHHVwg,2021-06-26,,,,,-15,
BJ,Benin,Borgou Department,,,BJ-BO,,ChIJ3wT92PVaMhARL80sZzHHVwg,2021-06-27,,,,,-26,
BJ,Benin,Borgou Department,,,BJ-BO,,ChIJ3wT92PVaMhARL80sZzHHVwg,2021-06-28,,,,,-16,
BJ,Benin,Borgou Department,,,BJ-BO,,ChIJ3wT92PVaMhARL80sZzHHVwg,2021-06-29,,,,,-11,
BJ,Benin,Borgou Department,,,BJ-BO,,ChIJ3wT92PVaMhARL80sZzHHVwg,2021-06-30,,,,,-10,
BJ,Benin,Borgou Department,,,BJ-BO,,ChIJ3wT92PVaMhARL80sZzHHVwg,2021-07-01,,,,,-12,
BJ,Benin,Borgou Department,,,BJ-BO,,ChIJ3wT92PVaMhARL80sZzHHVwg,2021-07-02,,,,,-11,
BJ,Benin,Borgou Department,,,BJ-BO,,ChIJ3wT92PVaMhARL80sZzHHVwg,2021-07-03,,,,,-15,
BJ,Benin,Borgou Department,,,BJ-BO,,ChIJ3wT92PVaMhARL80sZzHHVwg,2021-07-04,,,,,-20,
BJ,Benin,Borgou Department,,,BJ-BO,,ChIJ3wT92PVaMhARL80sZzHHVwg,2021-07-05,,,,,-13,
BJ,Benin,Borgou Department,,,BJ-BO,,ChIJ3wT92PVaMhARL80sZzHHVwg,2021-07-06,,,,,-18,
BJ,Benin,Borgou Department,,,BJ-BO,,ChIJ3wT92PVaMhARL80sZzHHVwg,2021-07-07,,,,,-15,
BJ,Benin,Borgou Department,,,BJ-BO,,ChIJ3wT92PVaMhARL80sZzHHVwg,2021-07-08,,,,,-12,
BJ,Benin,Borgou Department,,,BJ-BO,,ChIJ3wT92PVaMhARL80sZzHHVwg,2021-07-09,,,,,-13,
BJ,Benin,Borgou Department,,,BJ-BO,,ChIJ3wT92PVaMhARL80sZzHHVwg,2021-07-10,,,,,-9,
BJ,Benin,Littoral Department,,,BJ-LI,,ChIJyU68autVIxAReN45SVdFJiU,2021-01-01,-25,-9,,-43,-69,17
BJ,Benin,Littoral Department,,,BJ-LI,,ChIJyU68autVIxAReN45SVdFJiU,2021-01-02,-14,20,,-31,-32,10
BJ,Benin,Littoral Department,,,BJ-LI,,ChIJyU68autVIxAReN45SVdFJiU,2021-01-03,-9,32,,-18,-10,4
BJ,Benin,Littoral Department,,,BJ-LI,,ChIJyU68autVIxAReN45SVdFJiU,2021-01-04,-8,36,,-12,-7,7
BJ,Benin,Littoral Department,,,BJ-LI,,ChIJyU68autVIxAReN45SVdFJiU,2021-01-05,-6,36,,-15,-5,7
BJ,Benin,Littoral Department,,,BJ-LI,,ChIJyU68autVIxAReN45SVdFJiU,2021-01-06,0,39,,-9,-2,7
BJ,Benin,Littoral Department,,,BJ-LI,,ChIJyU68autVIxAReN45SVdFJiU,2021-01-07,-5,44,,-6,-1,7
BJ,Benin,Littoral Department,,,BJ-LI,,ChIJyU68autVIxAReN45SVdFJiU,2021-01-08,0,42,,-6,0,4
BJ,Benin,Littoral Department,,,BJ-LI,,ChIJyU68autVIxAReN45SVdFJiU,2021-01-09,0,40,,-17,0,4
BJ,Benin,Littoral Department,,,BJ-LI,,ChIJyU68autVIxAReN45SVdFJiU,2021-01-10,-6,34,,-15,-4,4
BJ,Benin,Littoral Department,,,BJ-LI,,ChIJyU68autVIxAReN45SVdFJiU,2021-01-11,2,42,,-2,0,4
BJ,Benin,Littoral Department,,,BJ-LI,,ChIJyU68autVIxAReN45SVdFJiU,2021-01-12,0,41,,-12,0,4
BJ,Benin,Littoral Department,,,BJ-LI,,ChIJyU68autVIxAReN45SVdFJiU,2021-01-13,-2,33,,-10,-2,3
BJ,Benin,Littoral Department,,,BJ-LI,,ChIJyU68autVIxAReN45SVdFJiU,2021-01-14,-10,26,,-20,-10,3
BJ,Benin,Littoral Department,,,BJ-LI,,ChIJyU68autVIxAReN45SVdFJiU,2021-01-15,-10,22,,-19,-12,4
BJ,Benin,Littoral Department,,,BJ-LI,,ChIJyU68autVIxAReN45SVdFJiU,2021-01-16,-11,19,,-29,-12,3
BJ,Benin,Littoral Department,,,BJ-LI,,ChIJyU68autVIxAReN45SVdFJiU,2021-01-17,-15,11,,-28,-17,4
BJ,Benin,Littoral Department,,,BJ-LI,,ChIJyU68autVIxAReN45SVdFJiU,2021-01-18,-13,22,,-15,-12,5
BJ,Benin,Littoral Department,,,BJ-LI,,ChIJyU68autVIxAReN45SVdFJiU,2021-01-19,-12,21,,-25,-13,5
BJ,Benin,Littoral Department,,,BJ-LI,,ChIJyU68autVIxAReN45SVdFJiU,2021-01-20,-9,23,,-17,-10,5
BJ,Benin,Littoral Department,,,BJ-LI,,ChIJyU68autVIxAReN45SVdFJiU,2021-01-21,-12,27,,-21,-11,6
BJ,Benin,Littoral Department,,,BJ-LI,,ChIJyU68autVIxAReN45SVdFJiU,2021-01-22,-7,25,,-17,-9,5
BJ,Benin,Littoral Department,,,BJ-LI,,ChIJyU68autVIxAReN45SVdFJiU,2021-01-23,-8,29,,-17,-9,4
BJ,Benin,Littoral Department,,,BJ-LI,,ChIJyU68autVIxAReN45SVdFJiU,2021-01-24,-9,21,,-15,-18,4
BJ,Benin,Littoral Department,,,BJ-LI,,ChIJyU68autVIxAReN45SVdFJiU,2021-01-25,-9,33,,-12,-10,4
BJ,Benin,Littoral Department,,,BJ-LI,,ChIJyU68autVIxAReN45SVdFJiU,2021-01-26,-9,32,,-23,-9,5
BJ,Benin,Littoral Department,,,BJ-LI,,ChIJyU68autVIxAReN45SVdFJiU,2021-01-27,-7,31,,-18,-7,5
BJ,Benin,Littoral Department,,,BJ-LI,,ChIJyU68autVIxAReN45SVdFJiU,2021-01-28,-10,33,,-19,-9,4
BJ,Benin,Littoral Department,,,BJ-LI,,ChIJyU68autVIxAReN45SVdFJiU,2021-01-29,-4,35,,-14,-7,1
BJ,Benin,Littoral Department,,,BJ-LI,,ChIJyU68autVIxAReN45SVdFJiU,2021-01-30,-5,39,,-16,-7,-1
BJ,Benin,Littoral Department,,,BJ-LI,,ChIJyU68autVIxAReN45SVdFJiU,2021-01-31,-12,35,,-16,-16,0
BJ,Benin,Littoral Department,,,BJ-LI,,ChIJyU68autVIxAReN45SVdFJiU,2021-02-01,-8,41,,-12,-9,0
BJ,Benin,Littoral Department,,,BJ-LI,,ChIJyU68autVIxAReN45SVdFJiU,2021-02-02,-6,43,,-16,-7,0
BJ,Benin,Littoral Department,,,BJ-LI,,ChIJyU68autVIxAReN45SVdFJiU,2021-02-03,-6,43,,-17,-8,2
BJ,Benin,Littoral Department,,,BJ-LI,,ChIJyU68autVIxAReN45SVdFJiU,2021-02-04,-9,43,,-19,-11,1
BJ,Benin,Littoral Department,,,BJ-LI,,ChIJyU68autVIxAReN45SVdFJiU,2021-02-05,-6,45,,-15,-9,-1
BJ,Benin,Littoral Department,,,BJ-LI,,ChIJyU68autVIxAReN45SVdFJiU,2021-02-06,-7,43,,-19,-13,0
BJ,Benin,Littoral Department,,,BJ-LI,,ChIJyU68autVIxAReN45SVdFJiU,2021-02-07,-15,39,,-20,-22,1
BJ,Benin,Littoral Department,,,BJ-LI,,ChIJyU68autVIxAReN45SVdFJiU,2021-02-08,-9,48,,-11,-13,0
BJ,Benin,Littoral Department,,,BJ-LI,,ChIJyU68autVIxAReN45SVdFJiU,2021-02-09,-7,51,,-24,-11,-1
BJ,Benin,Littoral Department,,,BJ-LI,,ChIJyU68autVIxAReN45SVdFJiU,2021-02-10,-4,47,,-12,-8,0
BJ,Benin,Littoral Department,,,BJ-LI,,ChIJyU68autVIxAReN45SVdFJiU,2021-02-11,-7,44,,-16,-10,0
BJ,Benin,Littoral Department,,,BJ-LI,,ChIJyU68autVIxAReN45SVdFJiU,2021-02-12,-5,37,,-15,-8,0
BJ,Benin,Littoral Department,,,BJ-LI,,ChIJyU68autVIxAReN45SVdFJiU,2021-02-13,0,36,,-18,-11,-2
BJ,Benin,Littoral Department,,,BJ-LI,,ChIJyU68autVIxAReN45SVdFJiU,2021-02-14,-2,26,,-14,-17,-1
BJ,Benin,Littoral Department,,,BJ-LI,,ChIJyU68autVIxAReN45SVdFJiU,2021-02-15,-8,35,,-10,-12,1
BJ,Benin,Littoral Department,,,BJ-LI,,ChIJyU68autVIxAReN45SVdFJiU,2021-02-16,-7,36,,-22,-11,0
BJ,Benin,Littoral Department,,,BJ-LI,,ChIJyU68autVIxAReN45SVdFJiU,2021-02-17,-6,35,,-14,-9,-1
BJ,Benin,Littoral Department,,,BJ-LI,,ChIJyU68autVIxAReN45SVdFJiU,2021-02-18,-9,38,,-17,-10,0
BJ,Benin,Littoral Department,,,BJ-LI,,ChIJyU68autVIxAReN45SVdFJiU,2021-02-19,-6,38,,-15,-8,-2
BJ,Benin,Littoral Department,,,BJ-LI,,ChIJyU68autVIxAReN45SVdFJiU,2021-02-20,-4,40,,-16,-12,-2
BJ,Benin,Littoral Department,,,BJ-LI,,ChIJyU68autVIxAReN45SVdFJiU,2021-02-21,-10,30,,-10,-18,-1
BJ,Benin,Littoral Department,,,BJ-LI,,ChIJyU68autVIxAReN45SVdFJiU,2021-02-22,-5,43,,-9,-13,1
BJ,Benin,Littoral Department,,,BJ-LI,,ChIJyU68autVIxAReN45SVdFJiU,2021-02-23,-4,42,,-16,-11,1
BJ,Benin,Littoral Department,,,BJ-LI,,ChIJyU68autVIxAReN45SVdFJiU,2021-02-24,-5,39,,-11,-11,2
BJ,Benin,Littoral Department,,,BJ-LI,,ChIJyU68autVIxAReN45SVdFJiU,2021-02-25,-7,43,,-11,-14,3
BJ,Benin,Littoral Department,,,BJ-LI,,ChIJyU68autVIxAReN45SVdFJiU,2021-02-26,-2,44,,-9,-12,0
BJ,Benin,Littoral Department,,,BJ-LI,,ChIJyU68autVIxAReN45SVdFJiU,2021-02-27,0,42,,-13,-8,-2
BJ,Benin,Littoral Department,,,BJ-LI,,ChIJyU68autVIxAReN45SVdFJiU,2021-02-28,-6,35,,-13,-16,-1
BJ,Benin,Littoral Department,,,BJ-LI,,ChIJyU68autVIxAReN45SVdFJiU,2021-03-01,-3,49,,-3,-7,-1
BJ,Benin,Littoral Department,,,BJ-LI,,ChIJyU68autVIxAReN45SVdFJiU,2021-03-02,-3,43,,-15,-6,0
BJ,Benin,Littoral Department,,,BJ-LI,,ChIJyU68autVIxAReN45SVdFJiU,2021-03-03,-3,41,,-12,-7,0
BJ,Benin,Littoral Department,,,BJ-LI,,ChIJyU68autVIxAReN45SVdFJiU,2021-03-04,-5,43,,-13,-8,1
BJ,Benin,Littoral Department,,,BJ-LI,,ChIJyU68autVIxAReN45SVdFJiU,2021-03-05,-1,41,,-8,-6,-1
BJ,Benin,Littoral Department,,,BJ-LI,,ChIJyU68autVIxAReN45SVdFJiU,2021-03-06,0,44,,-16,-7,-2
BJ,Benin,Littoral Department,,,BJ-LI,,ChIJyU68autVIxAReN45SVdFJiU,2021-03-07,-7,35,,-15,-15,-1
BJ,Benin,Littoral Department,,,BJ-LI,,ChIJyU68autVIxAReN45SVdFJiU,2021-03-08,-2,47,,-4,-6,-1
BJ,Benin,Littoral Department,,,BJ-LI,,ChIJyU68autVIxAReN45SVdFJiU,2021-03-09,-3,47,,-14,-5,-1
BJ,Benin,Littoral Department,,,BJ-LI,,ChIJyU68autVIxAReN45SVdFJiU,2021-03-10,1,45,,-11,-4,0
BJ,Benin,Littoral Department,,,BJ-LI,,ChIJyU68autVIxAReN45SVdFJiU,2021-03-11,-7,44,,-14,-4,1
BJ,Benin,Littoral Department,,,BJ-LI,,ChIJyU68autVIxAReN45SVdFJiU,2021-03-12,-2,47,,-8,-4,-1
BJ,Benin,Littoral Department,,,BJ-LI,,ChIJyU68autVIxAReN45SVdFJiU,2021-03-13,-1,45,,-17,-7,-1
BJ,Benin,Littoral Department,,,BJ-LI,,ChIJyU68autVIxAReN45SVdFJiU,2021-03-14,-9,33,,-23,-17,1
BJ,Benin,Littoral Department,,,BJ-LI,,ChIJyU68autVIxAReN45SVdFJiU,2021-03-15,-3,51,,-5,-4,-1
BJ,Benin,Littoral Department,,,BJ-LI,,ChIJyU68autVIxAReN45SVdFJiU,2021-03-16,-2,45,,-9,-3,-1
BJ,Benin,Littoral Department,,,BJ-LI,,ChIJyU68autVIxAReN45SVdFJiU,2021-03-17,-2,44,,-6,-3,1
BJ,Benin,Littoral Department,,,BJ-LI,,ChIJyU68autVIxAReN45SVdFJiU,2021-03-18,-7,47,,-7,-2,1
BJ,Benin,Littoral Department,,,BJ-LI,,ChIJyU68autVIxAReN45SVdFJiU,2021-03-19,-1,47,,-4,-2,-1
BJ,Benin,Littoral Department,,,BJ-LI,,ChIJyU68autVIxAReN45SVdFJiU,2021-03-20,3,47,,-8,-1,-2
BJ,Benin,Littoral Department,,,BJ-LI,,ChIJyU68autVIxAReN45SVdFJiU,2021-03-21,-3,38,,-9,-12,-1
BJ,Benin,Littoral Department,,,BJ-LI,,ChIJyU68autVIxAReN45SVdFJiU,2021-03-22,-7,47,,-3,-4,0
BJ,Benin,Littoral Department,,,BJ-LI,,ChIJyU68autVIxAReN45SVdFJiU,2021-03-23,-9,42,,-19,-4,1
BJ,Benin,Littoral Department,,,BJ-LI,,ChIJyU68autVIxAReN45SVdFJiU,2021-03-24,1,46,,-5,-1,0
BJ,Benin,Littoral Department,,,BJ-LI,,ChIJyU68autVIxAReN45SVdFJiU,2021-03-25,-1,47,,-8,0,0
BJ,Benin,Littoral Department,,,BJ-LI,,ChIJyU68autVIxAReN45SVdFJiU,2021-03-26,7,50,,0,-1,-2
BJ,Benin,Littoral Department,,,BJ-LI,,ChIJyU68autVIxAReN45SVdFJiU,2021-03-27,8,46,,-12,-1,-3
BJ,Benin,Littoral Department,,,BJ-LI,,ChIJyU68autVIxAReN45SVdFJiU,2021-03-28,4,45,,-3,-13,-1
BJ,Benin,Littoral Department,,,BJ-LI,,ChIJyU68autVIxAReN45SVdFJiU,2021-03-29,-2,50,,-2,-2,0
BJ,Benin,Littoral Department,,,BJ-LI,,ChIJyU68autVIxAReN45SVdFJiU,2021-03-30,-1,50,,-14,-1,0
BJ,Benin,Littoral Department,,,BJ-LI,,ChIJyU68autVIxAReN45SVdFJiU,2021-03-31,3,46,,-3,-2,0
BJ,Benin,Littoral Department,,,BJ-LI,,ChIJyU68autVIxAReN45SVdFJiU,2021-04-01,-2,55,,-6,-6,1
BJ,Benin,Littoral Department,,,BJ-LI,,ChIJyU68autVIxAReN45SVdFJiU,2021-04-02,3,52,,-5,-6,0
BJ,Benin,Littoral Department,,,BJ-LI,,ChIJyU68autVIxAReN45SVdFJiU,2021-04-03,6,55,,-7,-4,-3
BJ,Benin,Littoral Department,,,BJ-LI,,ChIJyU68autVIxAReN45SVdFJiU,2021-04-04,3,41,,-5,-11,-4
BJ,Benin,Littoral Department,,,BJ-LI,,ChIJyU68autVIxAReN45SVdFJiU,2021-04-05,-16,19,,-15,-55,10
BJ,Benin,Littoral Department,,,BJ-LI,,ChIJyU68autVIxAReN45SVdFJiU,2021-04-06,-4,47,,-11,-6,2
BJ,Benin,Littoral Department,,,BJ-LI,,ChIJyU68autVIxAReN45SVdFJiU,2021-04-07,-1,48,,-5,-6,2
BJ,Benin,Littoral Department,,,BJ-LI,,ChIJyU68autVIxAReN45SVdFJiU,2021-04-08,-1,49,,-7,-7,2
BJ,Benin,Littoral Department,,,BJ-LI,,ChIJyU68autVIxAReN45SVdFJiU,2021-04-09,3,50,,-4,-5,2
BJ,Benin,Littoral Department,,,BJ-LI,,ChIJyU68autVIxAReN45SVdFJiU,2021-04-10,-1,56,,-3,0,0
BJ,Benin,Littoral Department,,,BJ-LI,,ChIJyU68autVIxAReN45SVdFJiU,2021-04-11,-11,35,,-13,-15,5
BJ,Benin,Littoral Department,,,BJ-LI,,ChIJyU68autVIxAReN45SVdFJiU,2021-04-12,-1,59,,-2,-1,0
BJ,Benin,Littoral Department,,,BJ-LI,,ChIJyU68autVIxAReN45SVdFJiU,2021-04-13,-2,53,,-10,0,0
BJ,Benin,Littoral Department,,,BJ-LI,,ChIJyU68autVIxAReN45SVdFJiU,2021-04-14,-1,50,,-6,2,0
BJ,Benin,Littoral Department,,,BJ-LI,,ChIJyU68autVIxAReN45SVdFJiU,2021-04-15,-2,47,,-8,1,2
BJ,Benin,Littoral Department,,,BJ-LI,,ChIJyU68autVIxAReN45SVdFJiU,2021-04-16,-1,49,,-7,4,1
BJ,Benin,Littoral Department,,,BJ-LI,,ChIJyU68autVIxAReN45SVdFJiU,2021-04-17,3,54,,-9,3,2
BJ,Benin,Littoral Department,,,BJ-LI,,ChIJyU68autVIxAReN45SVdFJiU,2021-04-18,-20,26,,-19,-17,7
BJ,Benin,Littoral Department,,,BJ-LI,,ChIJyU68autVIxAReN45SVdFJiU,2021-04-19,-2,54,,-1,-1,1
BJ,Benin,Littoral Department,,,BJ-LI,,ChIJyU68autVIxAReN45SVdFJiU,2021-04-20,-2,52,,-12,1,2
BJ,Benin,Littoral Department,,,BJ-LI,,ChIJyU68autVIxAReN45SVdFJiU,2021-04-21,0,48,,-5,1,0
BJ,Benin,Littoral Department,,,BJ-LI,,ChIJyU68autVIxAReN45SVdFJiU,2021-04-22,-3,54,,-5,3,2
BJ,Benin,Littoral Department,,,BJ-LI,,ChIJyU68autVIxAReN45SVdFJiU,2021-04-23,0,51,,0,5,2
BJ,Benin,Littoral Department,,,BJ-LI,,ChIJyU68autVIxAReN45SVdFJiU,2021-04-24,4,48,,-3,5,0
BJ,Benin,Littoral Department,,,BJ-LI,,ChIJyU68autVIxAReN45SVdFJiU,2021-04-25,-5,41,,-1,-6,1
BJ,Benin,Littoral Department,,,BJ-LI,,ChIJyU68autVIxAReN45SVdFJiU,2021-04-26,-3,57,,2,3,1
BJ,Benin,Littoral Department,,,BJ-LI,,ChIJyU68autVIxAReN45SVdFJiU,2021-04-27,-2,54,,-10,4,2
BJ,Benin,Littoral Department,,,BJ-LI,,ChIJyU68autVIxAReN45SVdFJiU,2021-04-28,-1,47,,-6,0,3
BJ,Benin,Littoral Department,,,BJ-LI,,ChIJyU68autVIxAReN45SVdFJiU,2021-04-29,0,48,,-6,5,1
BJ,Benin,Littoral Department,,,BJ-LI,,ChIJyU68autVIxAReN45SVdFJiU,2021-04-30,5,54,,-2,6,0
BJ,Benin,Littoral Department,,,BJ-LI,,ChIJyU68autVIxAReN45SVdFJiU,2021-05-01,3,45,,-6,-6,0
BJ,Benin,Littoral Department,,,BJ-LI,,ChIJyU68autVIxAReN45SVdFJiU,2021-05-02,-3,46,,-5,-6,1
BJ,Benin,Littoral Department,,,BJ-LI,,ChIJyU68autVIxAReN45SVdFJiU,2021-05-03,-3,53,,3,3,1
BJ,Benin,Littoral Department,,,BJ-LI,,ChIJyU68autVIxAReN45SVdFJiU,2021-05-04,2,57,,-7,5,-1
BJ,Benin,Littoral Department,,,BJ-LI,,ChIJyU68autVIxAReN45SVdFJiU,2021-05-05,6,54,,-1,5,0
BJ,Benin,Littoral Department,,,BJ-LI,,ChIJyU68autVIxAReN45SVdFJiU,2021-05-06,2,55,,-4,4,2
BJ,Benin,Littoral Department,,,BJ-LI,,ChIJyU68autVIxAReN45SVdFJiU,2021-05-07,4,58,,-2,6,0
BJ,Benin,Littoral Department,,,BJ-LI,,ChIJyU68autVIxAReN45SVdFJiU,2021-05-08,4,50,,-1,5,0
BJ,Benin,Littoral Department,,,BJ-LI,,ChIJyU68autVIxAReN45SVdFJiU,2021-05-09,-5,47,,-3,-4,3
BJ,Benin,Littoral Department,,,BJ-LI,,ChIJyU68autVIxAReN45SVdFJiU,2021-05-10,5,60,,6,4,0
BJ,Benin,Littoral Department,,,BJ-LI,,ChIJyU68autVIxAReN45SVdFJiU,2021-05-11,9,61,,-3,7,0
BJ,Benin,Littoral Department,,,BJ-LI,,ChIJyU68autVIxAReN45SVdFJiU,2021-05-12,11,65,,2,3,0
BJ,Benin,Littoral Department,,,BJ-LI,,ChIJyU68autVIxAReN45SVdFJiU,2021-05-13,-11,27,,-30,-54,11
BJ,Benin,Littoral Department,,,BJ-LI,,ChIJyU68autVIxAReN45SVdFJiU,2021-05-14,9,56,,-1,5,0
BJ,Benin,Littoral Department,,,BJ-LI,,ChIJyU68autVIxAReN45SVdFJiU,2021-05-15,8,47,,-4,3,0
BJ,Benin,Littoral Department,,,BJ-LI,,ChIJyU68autVIxAReN45SVdFJiU,2021-05-16,7,47,,2,-5,1
BJ,Benin,Littoral Department,,,BJ-LI,,ChIJyU68autVIxAReN45SVdFJiU,2021-05-17,7,60,,4,6,0
BJ,Benin,Littoral Department,,,BJ-LI,,ChIJyU68autVIxAReN45SVdFJiU,2021-05-18,5,56,,-8,6,2
BJ,Benin,Littoral Department,,,BJ-LI,,ChIJyU68autVIxAReN45SVdFJiU,2021-05-19,7,56,,-5,8,1
BJ,Benin,Littoral Department,,,BJ-LI,,ChIJyU68autVIxAReN45SVdFJiU,2021-05-20,8,64,,-8,7,1
BJ,Benin,Littoral Department,,,BJ-LI,,ChIJyU68autVIxAReN45SVdFJiU,2021-05-21,17,69,,-3,9,-1
BJ,Benin,Littoral Department,,,BJ-LI,,ChIJyU68autVIxAReN45SVdFJiU,2021-05-22,5,53,,-6,0,1
BJ,Benin,Littoral Department,,,BJ-LI,,ChIJyU68autVIxAReN45SVdFJiU,2021-05-23,4,47,,-1,-9,-3
BJ,Benin,Littoral Department,,,BJ-LI,,ChIJyU68autVIxAReN45SVdFJiU,2021-05-24,-8,39,,-15,-51,10
BJ,Benin,Littoral Department,,,BJ-LI,,ChIJyU68autVIxAReN45SVdFJiU,2021-05-25,12,68,,-5,8,-2
BJ,Benin,Littoral Department,,,BJ-LI,,ChIJyU68autVIxAReN45SVdFJiU,2021-05-26,14,69,,1,8,0
BJ,Benin,Littoral Department,,,BJ-LI,,ChIJyU68autVIxAReN45SVdFJiU,2021-05-27,12,70,,-4,8,0
BJ,Benin,Littoral Department,,,BJ-LI,,ChIJyU68autVIxAReN45SVdFJiU,2021-05-28,20,79,,6,10,-3
BJ,Benin,Littoral Department,,,BJ-LI,,ChIJyU68autVIxAReN45SVdFJiU,2021-05-29,23,80,,6,6,-4
BJ,Benin,Littoral Department,,,BJ-LI,,ChIJyU68autVIxAReN45SVdFJiU,2021-05-30,12,69,,7,-12,-4
BJ,Benin,Littoral Department,,,BJ-LI,,ChIJyU68autVIxAReN45SVdFJiU,2021-05-31,15,77,,4,8,-2
BJ,Benin,Littoral Department,,,BJ-LI,,ChIJyU68autVIxAReN45SVdFJiU,2021-06-01,14,72,,-8,7,-2
BJ,Benin,Littoral Department,,,BJ-LI,,ChIJyU68autVIxAReN45SVdFJiU,2021-06-02,18,79,,1,9,-3
BJ,Benin,Littoral Department,,,BJ-LI,,ChIJyU68autVIxAReN45SVdFJiU,2021-06-03,17,80,,0,12,-1
BJ,Benin,Littoral Department,,,BJ-LI,,ChIJyU68autVIxAReN45SVdFJiU,2021-06-04,16,72,,-5,11,1
BJ,Benin,Littoral Department,,,BJ-LI,,ChIJyU68autVIxAReN45SVdFJiU,2021-06-05,20,82,,2,9,-2
BJ,Benin,Littoral Department,,,BJ-LI,,ChIJyU68autVIxAReN45SVdFJiU,2021-06-06,12,68,,0,-9,-2
BJ,Benin,Littoral Department,,,BJ-LI,,ChIJyU68autVIxAReN45SVdFJiU,2021-06-07,18,81,,9,9,-2
BJ,Benin,Littoral Department,,,BJ-LI,,ChIJyU68autVIxAReN45SVdFJiU,2021-06-08,15,71,,-11,7,-1
BJ,Benin,Littoral Department,,,BJ-LI,,ChIJyU68autVIxAReN45SVdFJiU,2021-06-09,9,68,,-4,7,0
BJ,Benin,Littoral Department,,,BJ-LI,,ChIJyU68autVIxAReN45SVdFJiU,2021-06-10,19,85,,11,9,-2
BJ,Benin,Littoral Department,,,BJ-LI,,ChIJyU68autVIxAReN45SVdFJiU,2021-06-11,14,78,,-6,9,1
BJ,Benin,Littoral Department,,,BJ-LI,,ChIJyU68autVIxAReN45SVdFJiU,2021-06-12,22,87,,3,8,-3
BJ,Benin,Littoral Department,,,BJ-LI,,ChIJyU68autVIxAReN45SVdFJiU,2021-06-13,13,76,,6,-12,-2
BJ,Benin,Littoral Department,,,BJ-LI,,ChIJyU68autVIxAReN45SVdFJiU,2021-06-14,15,80,,13,7,-2
BJ,Benin,Littoral Department,,,BJ-LI,,ChIJyU68autVIxAReN45SVdFJiU,2021-06-15,14,72,,-5,5,-3
BJ,Benin,Littoral Department,,,BJ-LI,,ChIJyU68autVIxAReN45SVdFJiU,2021-06-16,15,74,,-1,5,-3
BJ,Benin,Littoral Department,,,BJ-LI,,ChIJyU68autVIxAReN45SVdFJiU,2021-06-17,12,82,,-1,6,-1
BJ,Benin,Littoral Department,,,BJ-LI,,ChIJyU68autVIxAReN45SVdFJiU,2021-06-18,15,77,,-1,5,-1
BJ,Benin,Littoral Department,,,BJ-LI,,ChIJyU68autVIxAReN45SVdFJiU,2021-06-19,11,64,,-2,1,-2
BJ,Benin,Littoral Department,,,BJ-LI,,ChIJyU68autVIxAReN45SVdFJiU,2021-06-20,-2,50,,-9,-20,0
BJ,Benin,Littoral Department,,,BJ-LI,,ChIJyU68autVIxAReN45SVdFJiU,2021-06-21,5,71,,1,-1,-1
BJ,Benin,Littoral Department,,,BJ-LI,,ChIJyU68autVIxAReN45SVdFJiU,2021-06-22,-1,62,,-18,-2,0
BJ,Benin,Littoral Department,,,BJ-LI,,ChIJyU68autVIxAReN45SVdFJiU,2021-06-23,9,71,,0,0,-1
BJ,Benin,Littoral Department,,,BJ-LI,,ChIJyU68autVIxAReN45SVdFJiU,2021-06-24,11,77,,0,2,-1
BJ,Benin,Littoral Department,,,BJ-LI,,ChIJyU68autVIxAReN45SVdFJiU,2021-06-25,13,79,,2,3,-3
BJ,Benin,Littoral Department,,,BJ-LI,,ChIJyU68autVIxAReN45SVdFJiU,2021-06-26,3,54,,-13,-6,2
BJ,Benin,Littoral Department,,,BJ-LI,,ChIJyU68autVIxAReN45SVdFJiU,2021-06-27,8,69,,6,-14,-3
BJ,Benin,Littoral Department,,,BJ-LI,,ChIJyU68autVIxAReN45SVdFJiU,2021-06-28,12,81,,0,2,-3
BJ,Benin,Littoral Department,,,BJ-LI,,ChIJyU68autVIxAReN45SVdFJiU,2021-06-29,13,77,,-9,2,-1
BJ,Benin,Littoral Department,,,BJ-LI,,ChIJyU68autVIxAReN45SVdFJiU,2021-06-30,11,68,,-8,2,2
BJ,Benin,Littoral Department,,,BJ-LI,,ChIJyU68autVIxAReN45SVdFJiU,2021-07-01,16,84,,2,4,0
BJ,Benin,Littoral Department,,,BJ-LI,,ChIJyU68autVIxAReN45SVdFJiU,2021-07-02,16,83,,-1,6,0
BJ,Benin,Littoral Department,,,BJ-LI,,ChIJyU68autVIxAReN45SVdFJiU,2021-07-03,11,78,,-9,3,-1
BJ,Benin,Littoral Department,,,BJ-LI,,ChIJyU68autVIxAReN45SVdFJiU,2021-07-04,14,78,,-4,-14,-3
BJ,Benin,Littoral Department,,,BJ-LI,,ChIJyU68autVIxAReN45SVdFJiU,2021-07-05,19,93,,3,4,-2
BJ,Benin,Littoral Department,,,BJ-LI,,ChIJyU68autVIxAReN45SVdFJiU,2021-07-06,17,88,,-6,3,-2
BJ,Benin,Littoral Department,,,BJ-LI,,ChIJyU68autVIxAReN45SVdFJiU,2021-07-07,17,84,,-4,3,-1
BJ,Benin,Littoral Department,,,BJ-LI,,ChIJyU68autVIxAReN45SVdFJiU,2021-07-08,13,86,,-2,5,0
BJ,Benin,Littoral Department,,,BJ-LI,,ChIJyU68autVIxAReN45SVdFJiU,2021-07-09,15,78,,0,6,1
BJ,Benin,Littoral Department,,,BJ-LI,,ChIJyU68autVIxAReN45SVdFJiU,2021-07-10,19,85,,4,2,-3
BJ,Benin,Ouémé Department,,,BJ-OU,,ChIJo2dXruJIOxAR9ddT7MA6NVs,2021-01-01,-41,54,,,-66,
BJ,Benin,Ouémé Department,,,BJ-OU,,ChIJo2dXruJIOxAR9ddT7MA6NVs,2021-01-02,,51,,,-38,
BJ,Benin,Ouémé Department,,,BJ-OU,,ChIJo2dXruJIOxAR9ddT7MA6NVs,2021-01-03,,69,,,-10,
BJ,Benin,Ouémé Department,,,BJ-OU,,ChIJo2dXruJIOxAR9ddT7MA6NVs,2021-01-04,-26,56,,,-16,
BJ,Benin,Ouémé Department,,,BJ-OU,,ChIJo2dXruJIOxAR9ddT7MA6NVs,2021-01-05,,68,,,-12,
BJ,Benin,Ouémé Department,,,BJ-OU,,ChIJo2dXruJIOxAR9ddT7MA6NVs,2021-01-06,-24,76,,,-8,
BJ,Benin,Ouémé Department,,,BJ-OU,,ChIJo2dXruJIOxAR9ddT7MA6NVs,2021-01-07,-29,56,,,-9,
BJ,Benin,Ouémé Department,,,BJ-OU,,ChIJo2dXruJIOxAR9ddT7MA6NVs,2021-01-08,,68,,,-5,
BJ,Benin,Ouémé Department,,,BJ-OU,,ChIJo2dXruJIOxAR9ddT7MA6NVs,2021-01-09,,67,,,-13,
BJ,Benin,Ouémé Department,,,BJ-OU,,ChIJo2dXruJIOxAR9ddT7MA6NVs,2021-01-10,,61,,,-9,
BJ,Benin,Ouémé Department,,,BJ-OU,,ChIJo2dXruJIOxAR9ddT7MA6NVs,2021-01-11,,76,,,-7,
BJ,Benin,Ouémé Department,,,BJ-OU,,ChIJo2dXruJIOxAR9ddT7MA6NVs,2021-01-12,,68,,,-7,
BJ,Benin,Ouémé Department,,,BJ-OU,,ChIJo2dXruJIOxAR9ddT7MA6NVs,2021-01-13,-20,62,,,-9,
BJ,Benin,Ouémé Department,,,BJ-OU,,ChIJo2dXruJIOxAR9ddT7MA6NVs,2021-01-14,-23,49,,,-10,
BJ,Benin,Ouémé Department,,,BJ-OU,,ChIJo2dXruJIOxAR9ddT7MA6NVs,2021-01-15,-24,46,,,-15,
BJ,Benin,Ouémé Department,,,BJ-OU,,ChIJo2dXruJIOxAR9ddT7MA6NVs,2021-01-16,,50,,,-22,
BJ,Benin,Ouémé Department,,,BJ-OU,,ChIJo2dXruJIOxAR9ddT7MA6NVs,2021-01-17,,44,,,-17,
BJ,Benin,Ouémé Department,,,BJ-OU,,ChIJo2dXruJIOxAR9ddT7MA6NVs,2021-01-18,,43,,,-20,
BJ,Benin,Ouémé Department,,,BJ-OU,,ChIJo2dXruJIOxAR9ddT7MA6NVs,2021-01-19,-27,45,,,-14,
BJ,Benin,Ouémé Department,,,BJ-OU,,ChIJo2dXruJIOxAR9ddT7MA6NVs,2021-01-20,-24,44,,,-14,
BJ,Benin,Ouémé Department,,,BJ-OU,,ChIJo2dXruJIOxAR9ddT7MA6NVs,2021-01-21,-24,38,,,-12,
BJ,Benin,Ouémé Department,,,BJ-OU,,ChIJo2dXruJIOxAR9ddT7MA6NVs,2021-01-22,,53,,,-13,
BJ,Benin,Ouémé Department,,,BJ-OU,,ChIJo2dXruJIOxAR9ddT7MA6NVs,2021-01-23,,44,,,-12,
BJ,Benin,Ouémé Department,,,BJ-OU,,ChIJo2dXruJIOxAR9ddT7MA6NVs,2021-01-24,,53,,,-16,
BJ,Benin,Ouémé Department,,,BJ-OU,,ChIJo2dXruJIOxAR9ddT7MA6NVs,2021-01-25,-27,48,,,-14,
BJ,Benin,Ouémé Department,,,BJ-OU,,ChIJo2dXruJIOxAR9ddT7MA6NVs,2021-01-26,,47,,,-11,
BJ,Benin,Ouémé Department,,,BJ-OU,,ChIJo2dXruJIOxAR9ddT7MA6NVs,2021-01-27,-22,52,,,-12,
BJ,Benin,Ouémé Department,,,BJ-OU,,ChIJo2dXruJIOxAR9ddT7MA6NVs,2021-01-28,-23,58,,,-11,
BJ,Benin,Ouémé Department,,,BJ-OU,,ChIJo2dXruJIOxAR9ddT7MA6NVs,2021-01-29,-22,59,,,-17,
BJ,Benin,Ouémé Department,,,BJ-OU,,ChIJo2dXruJIOxAR9ddT7MA6NVs,2021-01-30,,64,,,-24,
BJ,Benin,Ouémé Department,,,BJ-OU,,ChIJo2dXruJIOxAR9ddT7MA6NVs,2021-01-31,,64,,,-26,
BJ,Benin,Ouémé Department,,,BJ-OU,,ChIJo2dXruJIOxAR9ddT7MA6NVs,2021-02-01,,58,,,-19,
BJ,Benin,Ouémé Department,,,BJ-OU,,ChIJo2dXruJIOxAR9ddT7MA6NVs,2021-02-02,-24,57,,,-16,
BJ,Benin,Ouémé Department,,,BJ-OU,,ChIJo2dXruJIOxAR9ddT7MA6NVs,2021-02-03,-27,58,,,-21,
BJ,Benin,Ouémé Department,,,BJ-OU,,ChIJo2dXruJIOxAR9ddT7MA6NVs,2021-02-04,-31,61,,,-19,
BJ,Benin,Ouémé Department,,,BJ-OU,,ChIJo2dXruJIOxAR9ddT7MA6NVs,2021-02-05,-27,65,,,-20,
BJ,Benin,Ouémé Department,,,BJ-OU,,ChIJo2dXruJIOxAR9ddT7MA6NVs,2021-02-06,,58,,,-26,
BJ,Benin,Ouémé Department,,,BJ-OU,,ChIJo2dXruJIOxAR9ddT7MA6NVs,2021-02-07,,53,,,-26,
BJ,Benin,Ouémé Department,,,BJ-OU,,ChIJo2dXruJIOxAR9ddT7MA6NVs,2021-02-08,-31,56,,,-24,
BJ,Benin,Ouémé Department,,,BJ-OU,,ChIJo2dXruJIOxAR9ddT7MA6NVs,2021-02-09,-26,57,,,-21,
BJ,Benin,Ouémé Department,,,BJ-OU,,ChIJo2dXruJIOxAR9ddT7MA6NVs,2021-02-10,-25,67,,,-19,
BJ,Benin,Ouémé Department,,,BJ-OU,,ChIJo2dXruJIOxAR9ddT7MA6NVs,2021-02-11,-32,54,,,-19,
BJ,Benin,Ouémé Department,,,BJ-OU,,ChIJo2dXruJIOxAR9ddT7MA6NVs,2021-02-12,-29,54,,,-20,
BJ,Benin,Ouémé Department,,,BJ-OU,,ChIJo2dXruJIOxAR9ddT7MA6NVs,2021-02-13,,52,,,-31,
BJ,Benin,Ouémé Department,,,BJ-OU,,ChIJo2dXruJIOxAR9ddT7MA6NVs,2021-02-14,,51,,,-29,
BJ,Benin,Ouémé Department,,,BJ-OU,,ChIJo2dXruJIOxAR9ddT7MA6NVs,2021-02-15,-33,53,,,-23,
BJ,Benin,Ouémé Department,,,BJ-OU,,ChIJo2dXruJIOxAR9ddT7MA6NVs,2021-02-16,-27,51,,,-20,
BJ,Benin,Ouémé Department,,,BJ-OU,,ChIJo2dXruJIOxAR9ddT7MA6NVs,2021-02-17,-29,51,,,-21,
BJ,Benin,Ouémé Department,,,BJ-OU,,ChIJo2dXruJIOxAR9ddT7MA6NVs,2021-02-18,-30,49,,,-18,
BJ,Benin,Ouémé Department,,,BJ-OU,,ChIJo2dXruJIOxAR9ddT7MA6NVs,2021-02-19,-27,55,,,-19,
BJ,Benin,Ouémé Department,,,BJ-OU,,ChIJo2dXruJIOxAR9ddT7MA6NVs,2021-02-20,,57,,,-28,
BJ,Benin,Ouémé Department,,,BJ-OU,,ChIJo2dXruJIOxAR9ddT7MA6NVs,2021-02-21,,50,,,-31,
BJ,Benin,Ouémé Department,,,BJ-OU,,ChIJo2dXruJIOxAR9ddT7MA6NVs,2021-02-22,-30,60,,,-28,
BJ,Benin,Ouémé Department,,,BJ-OU,,ChIJo2dXruJIOxAR9ddT7MA6NVs,2021-02-23,-26,56,,,-22,
BJ,Benin,Ouémé Department,,,BJ-OU,,ChIJo2dXruJIOxAR9ddT7MA6NVs,2021-02-24,-25,57,,,-22,
BJ,Benin,Ouémé Department,,,BJ-OU,,ChIJo2dXruJIOxAR9ddT7MA6NVs,2021-02-25,-26,55,,,-24,
BJ,Benin,Ouémé Department,,,BJ-OU,,ChIJo2dXruJIOxAR9ddT7MA6NVs,2021-02-26,-26,52,,,-24,
BJ,Benin,Ouémé Department,,,BJ-OU,,ChIJo2dXruJIOxAR9ddT7MA6NVs,2021-02-27,,55,,,-23,
BJ,Benin,Ouémé Department,,,BJ-OU,,ChIJo2dXruJIOxAR9ddT7MA6NVs,2021-02-28,,55,,,-29,
BJ,Benin,Ouémé Department,,,BJ-OU,,ChIJo2dXruJIOxAR9ddT7MA6NVs,2021-03-01,-28,56,,,-19,
BJ,Benin,Ouémé Department,,,BJ-OU,,ChIJo2dXruJIOxAR9ddT7MA6NVs,2021-03-02,-28,58,,,-16,
BJ,Benin,Ouémé Department,,,BJ-OU,,ChIJo2dXruJIOxAR9ddT7MA6NVs,2021-03-03,-26,59,,,-21,
BJ,Benin,Ouémé Department,,,BJ-OU,,ChIJo2dXruJIOxAR9ddT7MA6NVs,2021-03-04,-29,56,,,-15,
BJ,Benin,Ouémé Department,,,BJ-OU,,ChIJo2dXruJIOxAR9ddT7MA6NVs,2021-03-05,-28,54,,,-16,
BJ,Benin,Ouémé Department,,,BJ-OU,,ChIJo2dXruJIOxAR9ddT7MA6NVs,2021-03-06,,56,,,-21,
BJ,Benin,Ouémé Department,,,BJ-OU,,ChIJo2dXruJIOxAR9ddT7MA6NVs,2021-03-07,,51,,,-28,
BJ,Benin,Ouémé Department,,,BJ-OU,,ChIJo2dXruJIOxAR9ddT7MA6NVs,2021-03-08,-27,56,,,-16,
BJ,Benin,Ouémé Department,,,BJ-OU,,ChIJo2dXruJIOxAR9ddT7MA6NVs,2021-03-09,-26,50,,,-16,
BJ,Benin,Ouémé Department,,,BJ-OU,,ChIJo2dXruJIOxAR9ddT7MA6NVs,2021-03-10,-22,55,,,-15,
BJ,Benin,Ouémé Department,,,BJ-OU,,ChIJo2dXruJIOxAR9ddT7MA6NVs,2021-03-11,-26,49,,,-18,
BJ,Benin,Ouémé Department,,,BJ-OU,,ChIJo2dXruJIOxAR9ddT7MA6NVs,2021-03-12,-27,63,,,-14,
BJ,Benin,Ouémé Department,,,BJ-OU,,ChIJo2dXruJIOxAR9ddT7MA6NVs,2021-03-13,,47,,,-18,
BJ,Benin,Ouémé Department,,,BJ-OU,,ChIJo2dXruJIOxAR9ddT7MA6NVs,2021-03-14,,45,,,-28,
BJ,Benin,Ouémé Department,,,BJ-OU,,ChIJo2dXruJIOxAR9ddT7MA6NVs,2021-03-15,-28,57,,,-17,
BJ,Benin,Ouémé Department,,,BJ-OU,,ChIJo2dXruJIOxAR9ddT7MA6NVs,2021-03-16,-26,62,,,-14,
BJ,Benin,Ouémé Department,,,BJ-OU,,ChIJo2dXruJIOxAR9ddT7MA6NVs,2021-03-17,-25,61,,,-17,
BJ,Benin,Ouémé Department,,,BJ-OU,,ChIJo2dXruJIOxAR9ddT7MA6NVs,2021-03-18,-28,74,,,-13,
BJ,Benin,Ouémé Department,,,BJ-OU,,ChIJo2dXruJIOxAR9ddT7MA6NVs,2021-03-19,,67,,,-15,
BJ,Benin,Ouémé Department,,,BJ-OU,,ChIJo2dXruJIOxAR9ddT7MA6NVs,2021-03-20,,69,,,-22,
BJ,Benin,Ouémé Department,,,BJ-OU,,ChIJo2dXruJIOxAR9ddT7MA6NVs,2021-03-21,,63,,,-26,
BJ,Benin,Ouémé Department,,,BJ-OU,,ChIJo2dXruJIOxAR9ddT7MA6NVs,2021-03-22,-28,61,,,-14,
BJ,Benin,Ouémé Department,,,BJ-OU,,ChIJo2dXruJIOxAR9ddT7MA6NVs,2021-03-23,-24,51,,,-12,
BJ,Benin,Ouémé Department,,,BJ-OU,,ChIJo2dXruJIOxAR9ddT7MA6NVs,2021-03-24,-20,61,,,-17,
BJ,Benin,Ouémé Department,,,BJ-OU,,ChIJo2dXruJIOxAR9ddT7MA6NVs,2021-03-25,-21,72,,,-13,
BJ,Benin,Ouémé Department,,,BJ-OU,,ChIJo2dXruJIOxAR9ddT7MA6NVs,2021-03-26,-21,69,,,-12,
BJ,Benin,Ouémé Department,,,BJ-OU,,ChIJo2dXruJIOxAR9ddT7MA6NVs,2021-03-27,,63,,,-20,
BJ,Benin,Ouémé Department,,,BJ-OU,,ChIJo2dXruJIOxAR9ddT7MA6NVs,2021-03-28,,72,,,-26,
BJ,Benin,Ouémé Department,,,BJ-OU,,ChIJo2dXruJIOxAR9ddT7MA6NVs,2021-03-29,,56,,,-14,
BJ,Benin,Ouémé Department,,,BJ-OU,,ChIJo2dXruJIOxAR9ddT7MA6NVs,2021-03-30,,67,,,-14,
BJ,Benin,Ouémé Department,,,BJ-OU,,ChIJo2dXruJIOxAR9ddT7MA6NVs,2021-03-31,-21,68,,,-19,
BJ,Benin,Ouémé Department,,,BJ-OU,,ChIJo2dXruJIOxAR9ddT7MA6NVs,2021-04-01,-22,79,,,-18,
BJ,Benin,Ouémé Department,,,BJ-OU,,ChIJo2dXruJIOxAR9ddT7MA6NVs,2021-04-02,-21,75,,,-22,
BJ,Benin,Ouémé Department,,,BJ-OU,,ChIJo2dXruJIOxAR9ddT7MA6NVs,2021-04-03,,69,,,-21,
BJ,Benin,Ouémé Department,,,BJ-OU,,ChIJo2dXruJIOxAR9ddT7MA6NVs,2021-04-04,,77,,,-25,
BJ,Benin,Ouémé Department,,,BJ-OU,,ChIJo2dXruJIOxAR9ddT7MA6NVs,2021-04-05,-37,57,,,-61,
BJ,Benin,Ouémé Department,,,BJ-OU,,ChIJo2dXruJIOxAR9ddT7MA6NVs,2021-04-06,,70,,,-19,
BJ,Benin,Ouémé Department,,,BJ-OU,,ChIJo2dXruJIOxAR9ddT7MA6NVs,2021-04-07,,65,,,-24,
BJ,Benin,Ouémé Department,,,BJ-OU,,ChIJo2dXruJIOxAR9ddT7MA6NVs,2021-04-08,,85,,,-18,
BJ,Benin,Ouémé Department,,,BJ-OU,,ChIJo2dXruJIOxAR9ddT7MA6NVs,2021-04-09,,75,,,-23,
BJ,Benin,Ouémé Department,,,BJ-OU,,ChIJo2dXruJIOxAR9ddT7MA6NVs,2021-04-10,,76,,,-20,
BJ,Benin,Ouémé Department,,,BJ-OU,,ChIJo2dXruJIOxAR9ddT7MA6NVs,2021-04-11,,51,,,-22,
BJ,Benin,Ouémé Department,,,BJ-OU,,ChIJo2dXruJIOxAR9ddT7MA6NVs,2021-04-12,,80,,,-15,
BJ,Benin,Ouémé Department,,,BJ-OU,,ChIJo2dXruJIOxAR9ddT7MA6NVs,2021-04-13,,59,,,-13,
BJ,Benin,Ouémé Department,,,BJ-OU,,ChIJo2dXruJIOxAR9ddT7MA6NVs,2021-04-14,-22,63,,,-15,
BJ,Benin,Ouémé Department,,,BJ-OU,,ChIJo2dXruJIOxAR9ddT7MA6NVs,2021-04-15,-26,62,,,-11,
BJ,Benin,Ouémé Department,,,BJ-OU,,ChIJo2dXruJIOxAR9ddT7MA6NVs,2021-04-16,-26,58,,,-11,
BJ,Benin,Ouémé Department,,,BJ-OU,,ChIJo2dXruJIOxAR9ddT7MA6NVs,2021-04-17,,61,,,-15,
BJ,Benin,Ouémé Department,,,BJ-OU,,ChIJo2dXruJIOxAR9ddT7MA6NVs,2021-04-18,,31,,,-32,
BJ,Benin,Ouémé Department,,,BJ-OU,,ChIJo2dXruJIOxAR9ddT7MA6NVs,2021-04-19,,54,,,-11,
BJ,Benin,Ouémé Department,,,BJ-OU,,ChIJo2dXruJIOxAR9ddT7MA6NVs,2021-04-20,,59,,,-11,
BJ,Benin,Ouémé Department,,,BJ-OU,,ChIJo2dXruJIOxAR9ddT7MA6NVs,2021-04-21,-20,51,,,-15,
BJ,Benin,Ouémé Department,,,BJ-OU,,ChIJo2dXruJIOxAR9ddT7MA6NVs,2021-04-22,-23,58,,,-7,
BJ,Benin,Ouémé Department,,,BJ-OU,,ChIJo2dXruJIOxAR9ddT7MA6NVs,2021-04-23,,64,,,-10,
BJ,Benin,Ouémé Department,,,BJ-OU,,ChIJo2dXruJIOxAR9ddT7MA6NVs,2021-04-24,,68,,,-13,
BJ,Benin,Ouémé Department,,,BJ-OU,,ChIJo2dXruJIOxAR9ddT7MA6NVs,2021-04-25,,55,,,-21,
BJ,Benin,Ouémé Department,,,BJ-OU,,ChIJo2dXruJIOxAR9ddT7MA6NVs,2021-04-26,,62,,,-10,
BJ,Benin,Ouémé Department,,,BJ-OU,,ChIJo2dXruJIOxAR9ddT7MA6NVs,2021-04-27,,66,,,-10,
BJ,Benin,Ouémé Department,,,BJ-OU,,ChIJo2dXruJIOxAR9ddT7MA6NVs,2021-04-28,-20,59,,,-16,
BJ,Benin,Ouémé Department,,,BJ-OU,,ChIJo2dXruJIOxAR9ddT7MA6NVs,2021-04-29,-20,67,,,-11,
BJ,Benin,Ouémé Department,,,BJ-OU,,ChIJo2dXruJIOxAR9ddT7MA6NVs,2021-04-30,,78,,,-9,
BJ,Benin,Ouémé Department,,,BJ-OU,,ChIJo2dXruJIOxAR9ddT7MA6NVs,2021-05-01,,65,,,-21,
BJ,Benin,Ouémé Department,,,BJ-OU,,ChIJo2dXruJIOxAR9ddT7MA6NVs,2021-05-02,,65,,,-23,
BJ,Benin,Ouémé Department,,,BJ-OU,,ChIJo2dXruJIOxAR9ddT7MA6NVs,2021-05-03,,57,,,-12,
BJ,Benin,Ouémé Department,,,BJ-OU,,ChIJo2dXruJIOxAR9ddT7MA6NVs,2021-05-04,,72,,,-10,
BJ,Benin,Ouémé Department,,,BJ-OU,,ChIJo2dXruJIOxAR9ddT7MA6NVs,2021-05-05,,68,,,-11,
BJ,Benin,Ouémé Department,,,BJ-OU,,ChIJo2dXruJIOxAR9ddT7MA6NVs,2021-05-06,,73,,,-5,
BJ,Benin,Ouémé Department,,,BJ-OU,,ChIJo2dXruJIOxAR9ddT7MA6NVs,2021-05-07,,75,,,-8,
BJ,Benin,Ouémé Department,,,BJ-OU,,ChIJo2dXruJIOxAR9ddT7MA6NVs,2021-05-08,,74,,,-8,
BJ,Benin,Ouémé Department,,,BJ-OU,,ChIJo2dXruJIOxAR9ddT7MA6NVs,2021-05-09,,73,,,-16,
BJ,Benin,Ouémé Department,,,BJ-OU,,ChIJo2dXruJIOxAR9ddT7MA6NVs,2021-05-10,,81,,,-6,
BJ,Benin,Ouémé Department,,,BJ-OU,,ChIJo2dXruJIOxAR9ddT7MA6NVs,2021-05-11,,83,,,-4,
BJ,Benin,Ouémé Department,,,BJ-OU,,ChIJo2dXruJIOxAR9ddT7MA6NVs,2021-05-12,,97,,,-6,
BJ,Benin,Ouémé Department,,,BJ-OU,,ChIJo2dXruJIOxAR9ddT7MA6NVs,2021-05-13,-33,75,,,-56,
BJ,Benin,Ouémé Department,,,BJ-OU,,ChIJo2dXruJIOxAR9ddT7MA6NVs,2021-05-14,,76,,,-7,
BJ,Benin,Ouémé Department,,,BJ-OU,,ChIJo2dXruJIOxAR9ddT7MA6NVs,2021-05-15,,66,,,-17,
BJ,Benin,Ouémé Department,,,BJ-OU,,ChIJo2dXruJIOxAR9ddT7MA6NVs,2021-05-16,,76,,,-22,
BJ,Benin,Ouémé Department,,,BJ-OU,,ChIJo2dXruJIOxAR9ddT7MA6NVs,2021-05-17,,81,,,-5,
BJ,Benin,Ouémé Department,,,BJ-OU,,ChIJo2dXruJIOxAR9ddT7MA6NVs,2021-05-18,,72,,,-4,
BJ,Benin,Ouémé Department,,,BJ-OU,,ChIJo2dXruJIOxAR9ddT7MA6NVs,2021-05-19,,79,,,-6,
BJ,Benin,Ouémé Department,,,BJ-OU,,ChIJo2dXruJIOxAR9ddT7MA6NVs,2021-05-20,,88,,,-4,
BJ,Benin,Ouémé Department,,,BJ-OU,,ChIJo2dXruJIOxAR9ddT7MA6NVs,2021-05-21,,107,,,1,
BJ,Benin,Ouémé Department,,,BJ-OU,,ChIJo2dXruJIOxAR9ddT7MA6NVs,2021-05-22,,92,,,-14,
BJ,Benin,Ouémé Department,,,BJ-OU,,ChIJo2dXruJIOxAR9ddT7MA6NVs,2021-05-23,,,,,-13,
BJ,Benin,Ouémé Department,,,BJ-OU,,ChIJo2dXruJIOxAR9ddT7MA6NVs,2021-05-24,-29,89,,,-55,
BJ,Benin,Ouémé Department,,,BJ-OU,,ChIJo2dXruJIOxAR9ddT7MA6NVs,2021-05-25,,99,,,0,
BJ,Benin,Ouémé Department,,,BJ-OU,,ChIJo2dXruJIOxAR9ddT7MA6NVs,2021-05-26,,92,,,-3,
BJ,Benin,Ouémé Department,,,BJ-OU,,ChIJo2dXruJIOxAR9ddT7MA6NVs,2021-05-27,,105,,,0,
BJ,Benin,Ouémé Department,,,BJ-OU,,ChIJo2dXruJIOxAR9ddT7MA6NVs,2021-05-28,,104,,,-2,
BJ,Benin,Ouémé Department,,,BJ-OU,,ChIJo2dXruJIOxAR9ddT7MA6NVs,2021-05-29,,108,,,-11,
BJ,Benin,Ouémé Department,,,BJ-OU,,ChIJo2dXruJIOxAR9ddT7MA6NVs,2021-05-30,,,,,-18,
BJ,Benin,Ouémé Department,,,BJ-OU,,ChIJo2dXruJIOxAR9ddT7MA6NVs,2021-05-31,,108,,,-6,
BJ,Benin,Ouémé Department,,,BJ-OU,,ChIJo2dXruJIOxAR9ddT7MA6NVs,2021-06-01,,103,,,-2,
BJ,Benin,Ouémé Department,,,BJ-OU,,ChIJo2dXruJIOxAR9ddT7MA6NVs,2021-06-02,,111,,,-5,
BJ,Benin,Ouémé Department,,,BJ-OU,,ChIJo2dXruJIOxAR9ddT7MA6NVs,2021-06-03,,116,,,3,
BJ,Benin,Ouémé Department,,,BJ-OU,,ChIJo2dXruJIOxAR9ddT7MA6NVs,2021-06-04,,114,,,-1,
BJ,Benin,Ouémé Department,,,BJ-OU,,ChIJo2dXruJIOxAR9ddT7MA6NVs,2021-06-05,,113,,,-8,
BJ,Benin,Ouémé Department,,,BJ-OU,,ChIJo2dXruJIOxAR9ddT7MA6NVs,2021-06-06,,,,,-24,
BJ,Benin,Ouémé Department,,,BJ-OU,,ChIJo2dXruJIOxAR9ddT7MA6NVs,2021-06-07,,122,,,-5,
BJ,Benin,Ouémé Department,,,BJ-OU,,ChIJo2dXruJIOxAR9ddT7MA6NVs,2021-06-08,,102,,,-8,
BJ,Benin,Ouémé Department,,,BJ-OU,,ChIJo2dXruJIOxAR9ddT7MA6NVs,2021-06-09,,87,,,-9,
BJ,Benin,Ouémé Department,,,BJ-OU,,ChIJo2dXruJIOxAR9ddT7MA6NVs,2021-06-10,,,,,-3,
BJ,Benin,Ouémé Department,,,BJ-OU,,ChIJo2dXruJIOxAR9ddT7MA6NVs,2021-06-11,,111,,,-2,
BJ,Benin,Ouémé Department,,,BJ-OU,,ChIJo2dXruJIOxAR9ddT7MA6NVs,2021-06-12,,120,,,-14,
BJ,Benin,Ouémé Department,,,BJ-OU,,ChIJo2dXruJIOxAR9ddT7MA6NVs,2021-06-13,,,,,-23,
BJ,Benin,Ouémé Department,,,BJ-OU,,ChIJo2dXruJIOxAR9ddT7MA6NVs,2021-06-14,,113,,,-8,
BJ,Benin,Ouémé Department,,,BJ-OU,,ChIJo2dXruJIOxAR9ddT7MA6NVs,2021-06-15,,117,,,-10,
BJ,Benin,Ouémé Department,,,BJ-OU,,ChIJo2dXruJIOxAR9ddT7MA6NVs,2021-06-16,,106,,,-10,
BJ,Benin,Ouémé Department,,,BJ-OU,,ChIJo2dXruJIOxAR9ddT7MA6NVs,2021-06-17,,116,,,-3,
BJ,Benin,Ouémé Department,,,BJ-OU,,ChIJo2dXruJIOxAR9ddT7MA6NVs,2021-06-18,,121,,,-4,
BJ,Benin,Ouémé Department,,,BJ-OU,,ChIJo2dXruJIOxAR9ddT7MA6NVs,2021-06-19,,112,,,-14,
BJ,Benin,Ouémé Department,,,BJ-OU,,ChIJo2dXruJIOxAR9ddT7MA6NVs,2021-06-20,,,,,-29,
BJ,Benin,Ouémé Department,,,BJ-OU,,ChIJo2dXruJIOxAR9ddT7MA6NVs,2021-06-21,,99,,,-18,
BJ,Benin,Ouémé Department,,,BJ-OU,,ChIJo2dXruJIOxAR9ddT7MA6NVs,2021-06-22,,97,,,-14,
BJ,Benin,Ouémé Department,,,BJ-OU,,ChIJo2dXruJIOxAR9ddT7MA6NVs,2021-06-23,,114,,,-11,
BJ,Benin,Ouémé Department,,,BJ-OU,,ChIJo2dXruJIOxAR9ddT7MA6NVs,2021-06-24,,119,,,-6,
BJ,Benin,Ouémé Department,,,BJ-OU,,ChIJo2dXruJIOxAR9ddT7MA6NVs,2021-06-25,,119,,,-11,
BJ,Benin,Ouémé Department,,,BJ-OU,,ChIJo2dXruJIOxAR9ddT7MA6NVs,2021-06-26,,81,,,-22,
BJ,Benin,Ouémé Department,,,BJ-OU,,ChIJo2dXruJIOxAR9ddT7MA6NVs,2021-06-27,,,,,-25,
BJ,Benin,Ouémé Department,,,BJ-OU,,ChIJo2dXruJIOxAR9ddT7MA6NVs,2021-06-28,,119,,,-13,
BJ,Benin,Ouémé Department,,,BJ-OU,,ChIJo2dXruJIOxAR9ddT7MA6NVs,2021-06-29,,113,,,-7,
BJ,Benin,Ouémé Department,,,BJ-OU,,ChIJo2dXruJIOxAR9ddT7MA6NVs,2021-06-30,,115,,,-9,
BJ,Benin,Ouémé Department,,,BJ-OU,,ChIJo2dXruJIOxAR9ddT7MA6NVs,2021-07-01,,119,,,-4,
BJ,Benin,Ouémé Department,,,BJ-OU,,ChIJo2dXruJIOxAR9ddT7MA6NVs,2021-07-02,,112,,,-6,
BJ,Benin,Ouémé Department,,,BJ-OU,,ChIJo2dXruJIOxAR9ddT7MA6NVs,2021-07-03,,90,,,-10,
BJ,Benin,Ouémé Department,,,BJ-OU,,ChIJo2dXruJIOxAR9ddT7MA6NVs,2021-07-04,,,,,-24,
BJ,Benin,Ouémé Department,,,BJ-OU,,ChIJo2dXruJIOxAR9ddT7MA6NVs,2021-07-05,,114,,,-7,
BJ,Benin,Ouémé Department,,,BJ-OU,,ChIJo2dXruJIOxAR9ddT7MA6NVs,2021-07-06,,109,,,-7,
BJ,Benin,Ouémé Department,,,BJ-OU,,ChIJo2dXruJIOxAR9ddT7MA6NVs,2021-07-07,,117,,,-10,
BJ,Benin,Ouémé Department,,,BJ-OU,,ChIJo2dXruJIOxAR9ddT7MA6NVs,2021-07-08,,,,,-9,
BJ,Benin,Ouémé Department,,,BJ-OU,,ChIJo2dXruJIOxAR9ddT7MA6NVs,2021-07-09,,110,,,-9,
BJ,Benin,Ouémé Department,,,BJ-OU,,ChIJo2dXruJIOxAR9ddT7MA6NVs,2021-07-10,,124,,,-15,
BJ,Benin,Zou Department,,,BJ-ZO,,ChIJL8CMsCBsJRARm3Vu02Y0cRI,2021-01-01,,,,,-60,
BJ,Benin,Zou Department,,,BJ-ZO,,ChIJL8CMsCBsJRARm3Vu02Y0cRI,2021-01-04,,,,,-25,
BJ,Benin,Zou Department,,,BJ-ZO,,ChIJL8CMsCBsJRARm3Vu02Y0cRI,2021-01-05,,,,,-18,
BJ,Benin,Zou Department,,,BJ-ZO,,ChIJL8CMsCBsJRARm3Vu02Y0cRI,2021-01-06,,,,,-12,
BJ,Benin,Zou Department,,,BJ-ZO,,ChIJL8CMsCBsJRARm3Vu02Y0cRI,2021-01-07,,,,,-11,
BJ,Benin,Zou Department,,,BJ-ZO,,ChIJL8CMsCBsJRARm3Vu02Y0cRI,2021-01-11,,,,,-15,
BJ,Benin,Zou Department,,,BJ-ZO,,ChIJL8CMsCBsJRARm3Vu02Y0cRI,2021-01-12,,,,,-13,
BJ,Benin,Zou Department,,,BJ-ZO,,ChIJL8CMsCBsJRARm3Vu02Y0cRI,2021-01-13,,,,,-10,
BJ,Benin,Zou Department,,,BJ-ZO,,ChIJL8CMsCBsJRARm3Vu02Y0cRI,2021-01-14,,,,,-17,
BJ,Benin,Zou Department,,,BJ-ZO,,ChIJL8CMsCBsJRARm3Vu02Y0cRI,2021-01-15,,,,,-20,
BJ,Benin,Zou Department,,,BJ-ZO,,ChIJL8CMsCBsJRARm3Vu02Y0cRI,2021-01-18,,,,,-19,
BJ,Benin,Zou Department,,,BJ-ZO,,ChIJL8CMsCBsJRARm3Vu02Y0cRI,2021-01-19,,,,,-12,
BJ,Benin,Zou Department,,,BJ-ZO,,ChIJL8CMsCBsJRARm3Vu02Y0cRI,2021-01-20,,,,,-13,
BJ,Benin,Zou Department,,,BJ-ZO,,ChIJL8CMsCBsJRARm3Vu02Y0cRI,2021-01-21,,,,,-14,
BJ,Benin,Zou Department,,,BJ-ZO,,ChIJL8CMsCBsJRARm3Vu02Y0cRI,2021-01-25,,,,,-13,
BJ,Benin,Zou Department,,,BJ-ZO,,ChIJL8CMsCBsJRARm3Vu02Y0cRI,2021-01-26,,,,,-7,
BJ,Benin,Zou Department,,,BJ-ZO,,ChIJL8CMsCBsJRARm3Vu02Y0cRI,2021-01-28,,,,,-6,
BJ,Benin,Zou Department,,,BJ-ZO,,ChIJL8CMsCBsJRARm3Vu02Y0cRI,2021-02-01,,,,,-22,
BJ,Benin,Zou Department,,,BJ-ZO,,ChIJL8CMsCBsJRARm3Vu02Y0cRI,2021-02-02,,,,,-18,
BJ,Benin,Zou Department,,,BJ-ZO,,ChIJL8CMsCBsJRARm3Vu02Y0cRI,2021-02-03,,,,,-17,
BJ,Benin,Zou Department,,,BJ-ZO,,ChIJL8CMsCBsJRARm3Vu02Y0cRI,2021-02-04,,,,,-23,
BJ,Benin,Zou Department,,,BJ-ZO,,ChIJL8CMsCBsJRARm3Vu02Y0cRI,2021-02-08,,,,,-26,
BJ,Benin,Zou Department,,,BJ-ZO,,ChIJL8CMsCBsJRARm3Vu02Y0cRI,2021-02-09,,,,,-19,
BJ,Benin,Zou Department,,,BJ-ZO,,ChIJL8CMsCBsJRARm3Vu02Y0cRI,2021-02-10,,,,,-22,
BJ,Benin,Zou Department,,,BJ-ZO,,ChIJL8CMsCBsJRARm3Vu02Y0cRI,2021-02-11,,,,,-25,
BJ,Benin,Zou Department,,,BJ-ZO,,ChIJL8CMsCBsJRARm3Vu02Y0cRI,2021-02-15,,,,,-32,
BJ,Benin,Zou Department,,,BJ-ZO,,ChIJL8CMsCBsJRARm3Vu02Y0cRI,2021-02-16,,,,,-22,
BJ,Benin,Zou Department,,,BJ-ZO,,ChIJL8CMsCBsJRARm3Vu02Y0cRI,2021-02-17,,,,,-22,
BJ,Benin,Zou Department,,,BJ-ZO,,ChIJL8CMsCBsJRARm3Vu02Y0cRI,2021-02-18,,,,,-28,
BJ,Benin,Zou Department,,,BJ-ZO,,ChIJL8CMsCBsJRARm3Vu02Y0cRI,2021-02-19,,,,,-29,
BJ,Benin,Zou Department,,,BJ-ZO,,ChIJL8CMsCBsJRARm3Vu02Y0cRI,2021-02-22,,,,,-34,
BJ,Benin,Zou Department,,,BJ-ZO,,ChIJL8CMsCBsJRARm3Vu02Y0cRI,2021-02-23,,,,,-28,
BJ,Benin,Zou Department,,,BJ-ZO,,ChIJL8CMsCBsJRARm3Vu02Y0cRI,2021-02-24,,,,,-25,
BJ,Benin,Zou Department,,,BJ-ZO,,ChIJL8CMsCBsJRARm3Vu02Y0cRI,2021-02-25,,,,,-38,
BJ,Benin,Zou Department,,,BJ-ZO,,ChIJL8CMsCBsJRARm3Vu02Y0cRI,2021-02-26,,,,,-30,
BJ,Benin,Zou Department,,,BJ-ZO,,ChIJL8CMsCBsJRARm3Vu02Y0cRI,2021-03-01,,,,,-25,
BJ,Benin,Zou Department,,,BJ-ZO,,ChIJL8CMsCBsJRARm3Vu02Y0cRI,2021-03-02,,,,,-25,
BJ,Benin,Zou Department,,,BJ-ZO,,ChIJL8CMsCBsJRARm3Vu02Y0cRI,2021-03-03,,,,,-18,
BJ,Benin,Zou Department,,,BJ-ZO,,ChIJL8CMsCBsJRARm3Vu02Y0cRI,2021-03-04,,,,,-23,
BJ,Benin,Zou Department,,,BJ-ZO,,ChIJL8CMsCBsJRARm3Vu02Y0cRI,2021-03-08,,,,,-30,
BJ,Benin,Zou Department,,,BJ-ZO,,ChIJL8CMsCBsJRARm3Vu02Y0cRI,2021-03-09,,,,,-25,
BJ,Benin,Zou Department,,,BJ-ZO,,ChIJL8CMsCBsJRARm3Vu02Y0cRI,2021-03-10,,,,,-25,
BJ,Benin,Zou Department,,,BJ-ZO,,ChIJL8CMsCBsJRARm3Vu02Y0cRI,2021-03-11,,,,,-23,
BJ,Benin,Zou Department,,,BJ-ZO,,ChIJL8CMsCBsJRARm3Vu02Y0cRI,2021-03-15,,,,,-28,
BJ,Benin,Zou Department,,,BJ-ZO,,ChIJL8CMsCBsJRARm3Vu02Y0cRI,2021-03-16,,,,,-22,
BJ,Benin,Zou Department,,,BJ-ZO,,ChIJL8CMsCBsJRARm3Vu02Y0cRI,2021-03-17,,,,,-20,
BJ,Benin,Zou Department,,,BJ-ZO,,ChIJL8CMsCBsJRARm3Vu02Y0cRI,2021-03-18,,,,,-21,
BJ,Benin,Zou Department,,,BJ-ZO,,ChIJL8CMsCBsJRARm3Vu02Y0cRI,2021-03-22,,,,,-24,
BJ,Benin,Zou Department,,,BJ-ZO,,ChIJL8CMsCBsJRARm3Vu02Y0cRI,2021-03-23,,,,,-17,
BJ,Benin,Zou Department,,,BJ-ZO,,ChIJL8CMsCBsJRARm3Vu02Y0cRI,2021-03-24,,,,,-19,
BJ,Benin,Zou Department,,,BJ-ZO,,ChIJL8CMsCBsJRARm3Vu02Y0cRI,2021-03-25,,,,,-16,
BJ,Benin,Zou Department,,,BJ-ZO,,ChIJL8CMsCBsJRARm3Vu02Y0cRI,2021-03-29,,,,,-25,
BJ,Benin,Zou Department,,,BJ-ZO,,ChIJL8CMsCBsJRARm3Vu02Y0cRI,2021-03-30,,,,,-15,
BJ,Benin,Zou Department,,,BJ-ZO,,ChIJL8CMsCBsJRARm3Vu02Y0cRI,2021-03-31,,,,,-23,
BJ,Benin,Zou Department,,,BJ-ZO,,ChIJL8CMsCBsJRARm3Vu02Y0cRI,2021-04-01,,,,,-14,
BJ,Benin,Zou Department,,,BJ-ZO,,ChIJL8CMsCBsJRARm3Vu02Y0cRI,2021-04-05,,,,,-51,
BJ,Benin,Zou Department,,,BJ-ZO,,ChIJL8CMsCBsJRARm3Vu02Y0cRI,2021-04-06,,,,,-17,
BJ,Benin,Zou Department,,,BJ-ZO,,ChIJL8CMsCBsJRARm3Vu02Y0cRI,2021-04-07,,,,,-33,
BJ,Benin,Zou Department,,,BJ-ZO,,ChIJL8CMsCBsJRARm3Vu02Y0cRI,2021-04-08,,,,,-34,
BJ,Benin,Zou Department,,,BJ-ZO,,ChIJL8CMsCBsJRARm3Vu02Y0cRI,2021-04-09,,,,,-28,
BJ,Benin,Zou Department,,,BJ-ZO,,ChIJL8CMsCBsJRARm3Vu02Y0cRI,2021-04-12,,,,,-22,
BJ,Benin,Zou Department,,,BJ-ZO,,ChIJL8CMsCBsJRARm3Vu02Y0cRI,2021-04-13,,,,,-13,
BJ,Benin,Zou Department,,,BJ-ZO,,ChIJL8CMsCBsJRARm3Vu02Y0cRI,2021-04-14,,,,,-16,
BJ,Benin,Zou Department,,,BJ-ZO,,ChIJL8CMsCBsJRARm3Vu02Y0cRI,2021-04-15,,,,,-15,
BJ,Benin,Zou Department,,,BJ-ZO,,ChIJL8CMsCBsJRARm3Vu02Y0cRI,2021-04-19,,,,,-20,
BJ,Benin,Zou Department,,,BJ-ZO,,ChIJL8CMsCBsJRARm3Vu02Y0cRI,2021-04-20,,,,,-8,
BJ,Benin,Zou Department,,,BJ-ZO,,ChIJL8CMsCBsJRARm3Vu02Y0cRI,2021-04-21,,,,,-8,
BJ,Benin,Zou Department,,,BJ-ZO,,ChIJL8CMsCBsJRARm3Vu02Y0cRI,2021-04-22,,,,,-11,
BJ,Benin,Zou Department,,,BJ-ZO,,ChIJL8CMsCBsJRARm3Vu02Y0cRI,2021-04-26,,,,,-19,
BJ,Benin,Zou Department,,,BJ-ZO,,ChIJL8CMsCBsJRARm3Vu02Y0cRI,2021-04-27,,,,,-6,
BJ,Benin,Zou Department,,,BJ-ZO,,ChIJL8CMsCBsJRARm3Vu02Y0cRI,2021-04-28,,,,,-13,
BJ,Benin,Zou Department,,,BJ-ZO,,ChIJL8CMsCBsJRARm3Vu02Y0cRI,2021-04-29,,,,,-14,
BJ,Benin,Zou Department,,,BJ-ZO,,ChIJL8CMsCBsJRARm3Vu02Y0cRI,2021-05-03,,,,,-14,
BJ,Benin,Zou Department,,,BJ-ZO,,ChIJL8CMsCBsJRARm3Vu02Y0cRI,2021-05-05,,,,,-13,
BJ,Benin,Zou Department,,,BJ-ZO,,ChIJL8CMsCBsJRARm3Vu02Y0cRI,2021-05-06,,,,,-10,
BJ,Benin,Zou Department,,,BJ-ZO,,ChIJL8CMsCBsJRARm3Vu02Y0cRI,2021-05-10,,,,,-17,
BJ,Benin,Zou Department,,,BJ-ZO,,ChIJL8CMsCBsJRARm3Vu02Y0cRI,2021-05-11,,,,,-12,
BJ,Benin,Zou Department,,,BJ-ZO,,ChIJL8CMsCBsJRARm3Vu02Y0cRI,2021-05-12,,,,,-14,
BJ,Benin,Zou Department,,,BJ-ZO,,ChIJL8CMsCBsJRARm3Vu02Y0cRI,2021-05-13,,,,,-48,
BJ,Benin,Zou Department,,,BJ-ZO,,ChIJL8CMsCBsJRARm3Vu02Y0cRI,2021-05-17,,,,,-13,
BJ,Benin,Zou Department,,,BJ-ZO,,ChIJL8CMsCBsJRARm3Vu02Y0cRI,2021-05-20,,,,,-3,
BJ,Benin,Zou Department,,,BJ-ZO,,ChIJL8CMsCBsJRARm3Vu02Y0cRI,2021-05-24,,,,,-51,
BJ,Benin,Zou Department,,,BJ-ZO,,ChIJL8CMsCBsJRARm3Vu02Y0cRI,2021-05-26,,,,,-11,
BJ,Benin,Zou Department,,,BJ-ZO,,ChIJL8CMsCBsJRARm3Vu02Y0cRI,2021-05-27,,,,,-8,
BJ,Benin,Zou Department,,,BJ-ZO,,ChIJL8CMsCBsJRARm3Vu02Y0cRI,2021-05-31,,,,,-10,
BJ,Benin,Zou Department,,,BJ-ZO,,ChIJL8CMsCBsJRARm3Vu02Y0cRI,2021-06-01,,,,,-8,
BJ,Benin,Zou Department,,,BJ-ZO,,ChIJL8CMsCBsJRARm3Vu02Y0cRI,2021-06-02,,,,,-8,
BJ,Benin,Zou Department,,,BJ-ZO,,ChIJL8CMsCBsJRARm3Vu02Y0cRI,2021-06-03,,,,,-15,
BJ,Benin,Zou Department,,,BJ-ZO,,ChIJL8CMsCBsJRARm3Vu02Y0cRI,2021-06-07,,,,,-14,
BJ,Benin,Zou Department,,,BJ-ZO,,ChIJL8CMsCBsJRARm3Vu02Y0cRI,2021-06-08,,,,,-10,
BJ,Benin,Zou Department,,,BJ-ZO,,ChIJL8CMsCBsJRARm3Vu02Y0cRI,2021-06-10,,,,,-15,
BJ,Benin,Zou Department,,,BJ-ZO,,ChIJL8CMsCBsJRARm3Vu02Y0cRI,2021-06-14,,,,,-15,
BJ,Benin,Zou Department,,,BJ-ZO,,ChIJL8CMsCBsJRARm3Vu02Y0cRI,2021-06-15,,,,,-12,
BJ,Benin,Zou Department,,,BJ-ZO,,ChIJL8CMsCBsJRARm3Vu02Y0cRI,2021-06-16,,,,,-19,
BJ,Benin,Zou Department,,,BJ-ZO,,ChIJL8CMsCBsJRARm3Vu02Y0cRI,2021-06-17,,,,,-7,
BJ,Benin,Zou Department,,,BJ-ZO,,ChIJL8CMsCBsJRARm3Vu02Y0cRI,2021-06-21,,,,,-28,
BJ,Benin,Zou Department,,,BJ-ZO,,ChIJL8CMsCBsJRARm3Vu02Y0cRI,2021-06-22,,,,,-17,
BJ,Benin,Zou Department,,,BJ-ZO,,ChIJL8CMsCBsJRARm3Vu02Y0cRI,2021-06-23,,,,,-18,
BJ,Benin,Zou Department,,,BJ-ZO,,ChIJL8CMsCBsJRARm3Vu02Y0cRI,2021-06-24,,,,,-15,
BJ,Benin,Zou Department,,,BJ-ZO,,ChIJL8CMsCBsJRARm3Vu02Y0cRI,2021-06-25,,,,,-21,
BJ,Benin,Zou Department,,,BJ-ZO,,ChIJL8CMsCBsJRARm3Vu02Y0cRI,2021-06-28,,,,,-22,
BJ,Benin,Zou Department,,,BJ-ZO,,ChIJL8CMsCBsJRARm3Vu02Y0cRI,2021-06-29,,,,,-19,
BJ,Benin,Zou Department,,,BJ-ZO,,ChIJL8CMsCBsJRARm3Vu02Y0cRI,2021-06-30,,,,,-14,
BJ,Benin,Zou Department,,,BJ-ZO,,ChIJL8CMsCBsJRARm3Vu02Y0cRI,2021-07-01,,,,,-21,
BJ,Benin,Zou Department,,,BJ-ZO,,ChIJL8CMsCBsJRARm3Vu02Y0cRI,2021-07-05,,,,,-22,
BJ,Benin,Zou Department,,,BJ-ZO,,ChIJL8CMsCBsJRARm3Vu02Y0cRI,2021-07-06,,,,,-20,
BJ,Benin,Zou Department,,,BJ-ZO,,ChIJL8CMsCBsJRARm3Vu02Y0cRI,2021-07-07,,,,,-17,
BJ,Benin,Zou Department,,,BJ-ZO,,ChIJL8CMsCBsJRARm3Vu02Y0cRI,2021-07-08,,,,,-21,
